{
  "version": 3,
  "targets": {
    ".NETFramework,Version=v4.6.1": {
      "AForge/2.2.5": {
        "type": "package",
        "compile": {
          "lib/_._": {}
        },
        "runtime": {
          "lib/AForge.dll": {}
        }
      },
      "AForge.Imaging/2.2.5": {
        "type": "package",
        "dependencies": {
          "AForge": "2.2.5",
          "AForge.Math": "2.2.5"
        },
        "compile": {
          "lib/_._": {}
        },
        "runtime": {
          "lib/AForge.Imaging.dll": {}
        }
      },
      "AForge.Math/2.2.5": {
        "type": "package",
        "dependencies": {
          "AForge": "2.2.5"
        },
        "compile": {
          "lib/_._": {}
        },
        "runtime": {
          "lib/AForge.Math.dll": {}
        }
      },
      "AvalonEdit/5.0.3": {
        "type": "package",
        "compile": {
          "lib/Net40/_._": {}
        },
        "runtime": {
          "lib/Net40/ICSharpCode.AvalonEdit.dll": {}
        }
      },
      "BouncyCastle/1.8.5": {
        "type": "package",
        "compile": {
          "lib/_._": {}
        },
        "runtime": {
          "lib/BouncyCastle.Crypto.dll": {}
        }
      },
      "ClosedXML/0.87.1": {
        "type": "package",
        "dependencies": {
          "DocumentFormat.OpenXml": "2.5.0"
        },
        "compile": {
          "lib/net40/_._": {}
        },
        "runtime": {
          "lib/net40/ClosedXML.dll": {}
        }
      },
      "CsvHelper/2.13.5": {
        "type": "package",
        "compile": {
          "lib/net40-client/_._": {}
        },
        "runtime": {
          "lib/net40-client/CsvHelper.dll": {}
        }
      },
      "DocumentFormat.OpenXml/2.5.0": {
        "type": "package",
        "compile": {
          "lib/_._": {}
        },
        "runtime": {
          "lib/DocumentFormat.OpenXml.dll": {}
        }
      },
      "ExcelActivities/1.0.0": {
        "type": "package",
        "compile": {
          "lib/_._": {}
        },
        "runtime": {
          "lib/ExcelActivities.dll": {},
          "lib/UiPath.Excel.Activities.Design.dll": {},
          "lib/UiPath.Excel.Activities.dll": {},
          "lib/UiPath.Excel.dll": {},
          "lib/Utility.dll": {},
          "lib/itextsharp.dll": {}
        }
      },
      "Extended.Wpf.Toolkit/2.8.0": {
        "type": "package",
        "frameworkAssemblies": [
          "PresentationCore",
          "PresentationFramework",
          "System",
          "System.Xaml",
          "WindowsBase"
        ],
        "compile": {
          "lib/net40/_._": {}
        },
        "runtime": {
          "lib/net40/Xceed.Wpf.AvalonDock.Themes.Aero.dll": {},
          "lib/net40/Xceed.Wpf.AvalonDock.Themes.Metro.dll": {},
          "lib/net40/Xceed.Wpf.AvalonDock.Themes.VS2010.dll": {},
          "lib/net40/Xceed.Wpf.AvalonDock.dll": {},
          "lib/net40/Xceed.Wpf.DataGrid.dll": {},
          "lib/net40/Xceed.Wpf.Toolkit.dll": {}
        },
        "resource": {
          "lib/net40/de/Xceed.Wpf.AvalonDock.resources.dll": {
            "locale": "de"
          },
          "lib/net40/es/Xceed.Wpf.AvalonDock.resources.dll": {
            "locale": "es"
          },
          "lib/net40/fr/Xceed.Wpf.AvalonDock.resources.dll": {
            "locale": "fr"
          },
          "lib/net40/hu/Xceed.Wpf.AvalonDock.resources.dll": {
            "locale": "hu"
          },
          "lib/net40/it/Xceed.Wpf.AvalonDock.resources.dll": {
            "locale": "it"
          },
          "lib/net40/pt-BR/Xceed.Wpf.AvalonDock.resources.dll": {
            "locale": "pt-BR"
          },
          "lib/net40/ro/Xceed.Wpf.AvalonDock.resources.dll": {
            "locale": "ro"
          },
          "lib/net40/ru/Xceed.Wpf.AvalonDock.resources.dll": {
            "locale": "ru"
          },
          "lib/net40/sv/Xceed.Wpf.AvalonDock.resources.dll": {
            "locale": "sv"
          },
          "lib/net40/zh-Hans/Xceed.Wpf.AvalonDock.resources.dll": {
            "locale": "zh-Hans"
          }
        }
      },
      "Humanizer.Core/2.4.2": {
        "type": "package",
        "compile": {
          "lib/netstandard2.0/_._": {}
        },
        "runtime": {
          "lib/netstandard2.0/Humanizer.dll": {}
        }
      },
      "interop.domino.dll/1.0.0": {
        "type": "package",
        "compile": {
          "lib/_._": {}
        },
        "runtime": {
          "lib/Interop.Domino.dll": {}
        }
      },
      "Microsoft.AspNet.SignalR.Client/2.4.0": {
        "type": "package",
        "dependencies": {
          "Newtonsoft.Json": "6.0.4"
        },
        "frameworkAssemblies": [
          "System.Net.Http",
          "System.Net.Http.WebRequest"
        ],
        "compile": {
          "lib/net45/_._": {}
        },
        "runtime": {
          "lib/net45/Microsoft.AspNet.SignalR.Client.dll": {}
        }
      },
      "Microsoft.Exchange.WebServices/2.2.0": {
        "type": "package",
        "compile": {
          "lib/40/_._": {}
        },
        "runtime": {
          "lib/40/Microsoft.Exchange.WebServices.Auth.dll": {},
          "lib/40/Microsoft.Exchange.WebServices.dll": {}
        }
      },
      "Microsoft.Identity.Client/4.14.0": {
        "type": "package",
        "frameworkAssemblies": [
          "Microsoft.CSharp",
          "System",
          "System.Core",
          "System.Data",
          "System.Data.DataSetExtensions",
          "System.Drawing",
          "System.IdentityModel",
          "System.Net.Http",
          "System.Windows.Forms",
          "System.Xml",
          "System.Xml.Linq"
        ],
        "compile": {
          "ref/net45/_._": {}
        },
        "runtime": {
          "lib/net45/Microsoft.Identity.Client.dll": {}
        }
      },
      "Microsoft.Rest.ClientRuntime/2.3.21": {
        "type": "package",
        "dependencies": {
          "Newtonsoft.Json": "10.0.3"
        },
        "frameworkAssemblies": [
          "System.Net",
          "System.Net.Http",
          "System.Net.Http.WebRequest",
          "System.Runtime",
          "System.Runtime.Serialization"
        ],
        "compile": {
          "lib/net461/_._": {}
        },
        "runtime": {
          "lib/net461/Microsoft.Rest.ClientRuntime.dll": {}
        }
      },
      "Microsoft.VisualStudio.OLE.Interop/7.10.6071": {
        "type": "package",
        "compile": {
          "lib/_._": {}
        },
        "runtime": {
          "lib/Microsoft.VisualStudio.OLE.Interop.dll": {}
        }
      },
      "Newtonsoft.Json/11.0.2": {
        "type": "package",
        "compile": {
          "lib/net45/_._": {}
        },
        "runtime": {
          "lib/net45/Newtonsoft.Json.dll": {}
        }
      },
      "NLog/4.5.11": {
        "type": "package",
        "frameworkAssemblies": [
          "Microsoft.CSharp",
          "System",
          "System.Configuration",
          "System.Core",
          "System.Data",
          "System.IO.Compression",
          "System.Runtime.Serialization",
          "System.ServiceModel",
          "System.Transactions",
          "System.Xml"
        ],
        "compile": {
          "lib/net45/_._": {}
        },
        "runtime": {
          "lib/net45/NLog.dll": {}
        }
      },
      "NPOI/2.4.1": {
        "type": "package",
        "dependencies": {
          "SharpZipLib": "1.0.0"
        },
        "compile": {
          "lib/net45/_._": {}
        },
        "runtime": {
          "lib/net45/NPOI.OOXML.dll": {},
          "lib/net45/NPOI.OpenXml4Net.dll": {},
          "lib/net45/NPOI.OpenXmlFormats.dll": {},
          "lib/net45/NPOI.dll": {}
        }
      },
      "SharpZipLib/1.2.0": {
        "type": "package",
        "compile": {
          "lib/net45/_._": {}
        },
        "runtime": {
          "lib/net45/ICSharpCode.SharpZipLib.dll": {}
        }
      },
      "System.Collections.Immutable/1.5.0": {
        "type": "package",
        "compile": {
          "lib/netstandard2.0/_._": {}
        },
        "runtime": {
          "lib/netstandard2.0/System.Collections.Immutable.dll": {}
        }
      },
      "System.IO.Abstractions/3.0.10": {
        "type": "package",
        "frameworkAssemblies": [
          "Microsoft.CSharp",
          "System"
        ],
        "compile": {
          "lib/net40/_._": {}
        },
        "runtime": {
          "lib/net40/System.IO.Abstractions.dll": {}
        }
      },
      "System.Threading.Tasks.Dataflow/4.10.0": {
        "type": "package",
        "compile": {
          "lib/netstandard2.0/_._": {}
        },
        "runtime": {
          "lib/netstandard2.0/System.Threading.Tasks.Dataflow.dll": {}
        }
      },
      "System.ValueTuple/4.5.0": {
        "type": "package",
        "frameworkAssemblies": [
          "System",
          "mscorlib"
        ],
        "compile": {
          "ref/net461/_._": {}
        },
        "runtime": {
          "lib/net461/System.ValueTuple.dll": {}
        }
      },
      "UiPath/20.6.7473.25550-preview": {
        "type": "package",
        "compile": {
          "lib/_._": {}
        },
        "runtime": {
          "lib/UiPath.Interop.dll": {}
        },
        "build": {
          "build/_._": {}
        }
      },
      "UiPath.Abbyy.Activities/1.2.0": {
        "type": "package",
        "dependencies": {
          "AForge.Imaging": "2.2.5",
          "NLog": "4.5.11",
          "Newtonsoft.Json": "11.0.2",
          "System.Collections.Immutable": "1.5.0",
          "UiPath.DocumentProcessing.Contracts": "1.6.1",
          "UiPath.OCR.Contracts": "2.6.0"
        },
        "compile": {
          "lib/net461/_._": {}
        },
        "runtime": {
          "lib/net461/FCEngine.VisualComponents.dll": {},
          "lib/net461/Interop.FCEngine.dll": {},
          "lib/net461/UiPath.Abbyy.AbbyyCloud.dll": {},
          "lib/net461/UiPath.Abbyy.AbbyyFRE11.dll": {},
          "lib/net461/UiPath.Abbyy.AbbyyFRE12.dll": {},
          "lib/net461/UiPath.Abbyy.AbbyyFRECommon.dll": {},
          "lib/net461/UiPath.Abbyy.Activities.Design.dll": {},
          "lib/net461/UiPath.Abbyy.Activities.dll": {},
          "lib/net461/UiPath.Abbyy.Core.dll": {},
          "lib/net461/UiPath.Abbyy.Host32.exe": {}
        },
        "resource": {
          "lib/net461/de/UiPath.Abbyy.Activities.Design.resources.dll": {
            "locale": "de"
          },
          "lib/net461/de/UiPath.Abbyy.Activities.resources.dll": {
            "locale": "de"
          },
          "lib/net461/de/UiPath.Abbyy.Core.resources.dll": {
            "locale": "de"
          },
          "lib/net461/es-MX/UiPath.Abbyy.Activities.Design.resources.dll": {
            "locale": "es-MX"
          },
          "lib/net461/es-MX/UiPath.Abbyy.Activities.resources.dll": {
            "locale": "es-MX"
          },
          "lib/net461/es-MX/UiPath.Abbyy.Core.resources.dll": {
            "locale": "es-MX"
          },
          "lib/net461/es/UiPath.Abbyy.Activities.Design.resources.dll": {
            "locale": "es"
          },
          "lib/net461/es/UiPath.Abbyy.Activities.resources.dll": {
            "locale": "es"
          },
          "lib/net461/es/UiPath.Abbyy.Core.resources.dll": {
            "locale": "es"
          },
          "lib/net461/fr/UiPath.Abbyy.Activities.Design.resources.dll": {
            "locale": "fr"
          },
          "lib/net461/fr/UiPath.Abbyy.Activities.resources.dll": {
            "locale": "fr"
          },
          "lib/net461/fr/UiPath.Abbyy.Core.resources.dll": {
            "locale": "fr"
          },
          "lib/net461/ja/UiPath.Abbyy.Activities.Design.resources.dll": {
            "locale": "ja"
          },
          "lib/net461/ja/UiPath.Abbyy.Activities.resources.dll": {
            "locale": "ja"
          },
          "lib/net461/ja/UiPath.Abbyy.Core.resources.dll": {
            "locale": "ja"
          },
          "lib/net461/ko/UiPath.Abbyy.Activities.Design.resources.dll": {
            "locale": "ko"
          },
          "lib/net461/ko/UiPath.Abbyy.Activities.resources.dll": {
            "locale": "ko"
          },
          "lib/net461/ko/UiPath.Abbyy.Core.resources.dll": {
            "locale": "ko"
          },
          "lib/net461/pt-BR/UiPath.Abbyy.Activities.Design.resources.dll": {
            "locale": "pt-BR"
          },
          "lib/net461/pt-BR/UiPath.Abbyy.Activities.resources.dll": {
            "locale": "pt-BR"
          },
          "lib/net461/pt-BR/UiPath.Abbyy.Core.resources.dll": {
            "locale": "pt-BR"
          },
          "lib/net461/pt/UiPath.Abbyy.Activities.Design.resources.dll": {
            "locale": "pt"
          },
          "lib/net461/pt/UiPath.Abbyy.Activities.resources.dll": {
            "locale": "pt"
          },
          "lib/net461/pt/UiPath.Abbyy.Core.resources.dll": {
            "locale": "pt"
          },
          "lib/net461/ru/UiPath.Abbyy.Activities.Design.resources.dll": {
            "locale": "ru"
          },
          "lib/net461/ru/UiPath.Abbyy.Activities.resources.dll": {
            "locale": "ru"
          },
          "lib/net461/ru/UiPath.Abbyy.Core.resources.dll": {
            "locale": "ru"
          },
          "lib/net461/tr/UiPath.Abbyy.Activities.Design.resources.dll": {
            "locale": "tr"
          },
          "lib/net461/tr/UiPath.Abbyy.Activities.resources.dll": {
            "locale": "tr"
          },
          "lib/net461/tr/UiPath.Abbyy.Core.resources.dll": {
            "locale": "tr"
          },
          "lib/net461/zh-CN/UiPath.Abbyy.Activities.Design.resources.dll": {
            "locale": "zh-CN"
          },
          "lib/net461/zh-CN/UiPath.Abbyy.Activities.resources.dll": {
            "locale": "zh-CN"
          },
          "lib/net461/zh-CN/UiPath.Abbyy.Core.resources.dll": {
            "locale": "zh-CN"
          }
        }
      },
      "UiPath.Database.Activities/1.3.7369.25200": {
        "type": "package",
        "compile": {
          "lib/net452/_._": {}
        },
        "runtime": {
          "lib/net452/Microsoft.Data.ConnectionUI.Dialog.dll": {},
          "lib/net452/UiPath.Database.Activities.Design.dll": {},
          "lib/net452/UiPath.Database.Activities.dll": {},
          "lib/net452/UiPath.Database.dll": {}
        },
        "resource": {
          "lib/net452/fr/UiPath.Database.Activities.Design.resources.dll": {
            "locale": "fr"
          },
          "lib/net452/fr/UiPath.Database.Activities.resources.dll": {
            "locale": "fr"
          },
          "lib/net452/fr/UiPath.Database.resources.dll": {
            "locale": "fr"
          },
          "lib/net452/ja/UiPath.Database.Activities.Design.resources.dll": {
            "locale": "ja"
          },
          "lib/net452/ja/UiPath.Database.Activities.resources.dll": {
            "locale": "ja"
          },
          "lib/net452/ja/UiPath.Database.resources.dll": {
            "locale": "ja"
          },
          "lib/net452/ru/UiPath.Database.Activities.Design.resources.dll": {
            "locale": "ru"
          },
          "lib/net452/ru/UiPath.Database.Activities.resources.dll": {
            "locale": "ru"
          },
          "lib/net452/ru/UiPath.Database.resources.dll": {
            "locale": "ru"
          }
        }
      },
      "UiPath.DocumentProcessing.Contracts/1.6.1": {
        "type": "package",
        "dependencies": {
          "Newtonsoft.Json": "11.0.2"
        },
        "compile": {
          "lib/net461/_._": {}
        },
        "runtime": {
          "lib/net461/UiPath.DocumentProcessing.Contracts.dll": {}
        }
      },
      "UiPath.Excel.Activities/2.9.0-preview": {
        "type": "package",
        "dependencies": {
          "ClosedXML": "0.87.1",
          "CsvHelper": "2.13.5",
          "DocumentFormat.OpenXml": "2.5.0",
          "Microsoft.VisualStudio.OLE.Interop": "7.10.6071",
          "NPOI": "2.4.1",
          "SharpZipLib": "1.0.0"
        },
        "compile": {
          "lib/net461/_._": {}
        },
        "runtime": {
          "lib/net461/UiPath.Excel.Activities.Design.dll": {},
          "lib/net461/UiPath.Excel.Activities.dll": {},
          "lib/net461/UiPath.Excel.dll": {}
        },
        "resource": {
          "lib/net461/de/UiPath.Excel.Activities.Design.resources.dll": {
            "locale": "de"
          },
          "lib/net461/de/UiPath.Excel.Activities.resources.dll": {
            "locale": "de"
          },
          "lib/net461/de/UiPath.Excel.resources.dll": {
            "locale": "de"
          },
          "lib/net461/es-MX/UiPath.Excel.Activities.Design.resources.dll": {
            "locale": "es-MX"
          },
          "lib/net461/es-MX/UiPath.Excel.Activities.resources.dll": {
            "locale": "es-MX"
          },
          "lib/net461/es-MX/UiPath.Excel.resources.dll": {
            "locale": "es-MX"
          },
          "lib/net461/es/UiPath.Excel.Activities.Design.resources.dll": {
            "locale": "es"
          },
          "lib/net461/es/UiPath.Excel.Activities.resources.dll": {
            "locale": "es"
          },
          "lib/net461/es/UiPath.Excel.resources.dll": {
            "locale": "es"
          },
          "lib/net461/fr/UiPath.Excel.Activities.Design.resources.dll": {
            "locale": "fr"
          },
          "lib/net461/fr/UiPath.Excel.Activities.resources.dll": {
            "locale": "fr"
          },
          "lib/net461/fr/UiPath.Excel.resources.dll": {
            "locale": "fr"
          },
          "lib/net461/ja/UiPath.Excel.Activities.Design.resources.dll": {
            "locale": "ja"
          },
          "lib/net461/ja/UiPath.Excel.Activities.resources.dll": {
            "locale": "ja"
          },
          "lib/net461/ja/UiPath.Excel.resources.dll": {
            "locale": "ja"
          },
          "lib/net461/ko/UiPath.Excel.Activities.Design.resources.dll": {
            "locale": "ko"
          },
          "lib/net461/ko/UiPath.Excel.Activities.resources.dll": {
            "locale": "ko"
          },
          "lib/net461/ko/UiPath.Excel.resources.dll": {
            "locale": "ko"
          },
          "lib/net461/pt-BR/UiPath.Excel.Activities.Design.resources.dll": {
            "locale": "pt-BR"
          },
          "lib/net461/pt-BR/UiPath.Excel.Activities.resources.dll": {
            "locale": "pt-BR"
          },
          "lib/net461/pt-BR/UiPath.Excel.resources.dll": {
            "locale": "pt-BR"
          },
          "lib/net461/pt/UiPath.Excel.Activities.Design.resources.dll": {
            "locale": "pt"
          },
          "lib/net461/pt/UiPath.Excel.Activities.resources.dll": {
            "locale": "pt"
          },
          "lib/net461/pt/UiPath.Excel.resources.dll": {
            "locale": "pt"
          },
          "lib/net461/ru/UiPath.Excel.Activities.Design.resources.dll": {
            "locale": "ru"
          },
          "lib/net461/ru/UiPath.Excel.Activities.resources.dll": {
            "locale": "ru"
          },
          "lib/net461/ru/UiPath.Excel.resources.dll": {
            "locale": "ru"
          },
          "lib/net461/tr/UiPath.Excel.Activities.Design.resources.dll": {
            "locale": "tr"
          },
          "lib/net461/tr/UiPath.Excel.Activities.resources.dll": {
            "locale": "tr"
          },
          "lib/net461/tr/UiPath.Excel.resources.dll": {
            "locale": "tr"
          },
          "lib/net461/zh-CN/UiPath.Excel.Activities.Design.resources.dll": {
            "locale": "zh-CN"
          },
          "lib/net461/zh-CN/UiPath.Excel.Activities.resources.dll": {
            "locale": "zh-CN"
          },
          "lib/net461/zh-CN/UiPath.Excel.resources.dll": {
            "locale": "zh-CN"
          }
        }
      },
      "UiPath.Mail.Activities/1.9.0-preview": {
        "type": "package",
        "dependencies": {
          "BouncyCastle": "1.8.5",
          "Microsoft.Exchange.WebServices": "2.2.0",
          "Microsoft.Identity.Client": "4.14.0",
          "System.ValueTuple": "4.5.0",
          "interop.domino.dll": "1.0.0"
        },
        "compile": {
          "lib/net461/_._": {}
        },
        "runtime": {
          "lib/net461/MailKit.dll": {},
          "lib/net461/MimeKit.dll": {},
          "lib/net461/UiPath.Mail.Activities.Design.dll": {},
          "lib/net461/UiPath.Mail.Activities.dll": {},
          "lib/net461/UiPath.Mail.dll": {}
        },
        "resource": {
          "lib/net461/de/UiPath.Mail.Activities.Design.resources.dll": {
            "locale": "de"
          },
          "lib/net461/de/UiPath.Mail.Activities.resources.dll": {
            "locale": "de"
          },
          "lib/net461/de/UiPath.Mail.resources.dll": {
            "locale": "de"
          },
          "lib/net461/es-MX/UiPath.Mail.Activities.Design.resources.dll": {
            "locale": "es-MX"
          },
          "lib/net461/es-MX/UiPath.Mail.Activities.resources.dll": {
            "locale": "es-MX"
          },
          "lib/net461/es-MX/UiPath.Mail.resources.dll": {
            "locale": "es-MX"
          },
          "lib/net461/es/UiPath.Mail.Activities.Design.resources.dll": {
            "locale": "es"
          },
          "lib/net461/es/UiPath.Mail.Activities.resources.dll": {
            "locale": "es"
          },
          "lib/net461/es/UiPath.Mail.resources.dll": {
            "locale": "es"
          },
          "lib/net461/fr/UiPath.Mail.Activities.Design.resources.dll": {
            "locale": "fr"
          },
          "lib/net461/fr/UiPath.Mail.Activities.resources.dll": {
            "locale": "fr"
          },
          "lib/net461/fr/UiPath.Mail.resources.dll": {
            "locale": "fr"
          },
          "lib/net461/ja/UiPath.Mail.Activities.Design.resources.dll": {
            "locale": "ja"
          },
          "lib/net461/ja/UiPath.Mail.Activities.resources.dll": {
            "locale": "ja"
          },
          "lib/net461/ja/UiPath.Mail.resources.dll": {
            "locale": "ja"
          },
          "lib/net461/ko/UiPath.Mail.Activities.Design.resources.dll": {
            "locale": "ko"
          },
          "lib/net461/ko/UiPath.Mail.Activities.resources.dll": {
            "locale": "ko"
          },
          "lib/net461/ko/UiPath.Mail.resources.dll": {
            "locale": "ko"
          },
          "lib/net461/pt-BR/UiPath.Mail.Activities.Design.resources.dll": {
            "locale": "pt-BR"
          },
          "lib/net461/pt-BR/UiPath.Mail.Activities.resources.dll": {
            "locale": "pt-BR"
          },
          "lib/net461/pt-BR/UiPath.Mail.resources.dll": {
            "locale": "pt-BR"
          },
          "lib/net461/pt/UiPath.Mail.Activities.Design.resources.dll": {
            "locale": "pt"
          },
          "lib/net461/pt/UiPath.Mail.Activities.resources.dll": {
            "locale": "pt"
          },
          "lib/net461/pt/UiPath.Mail.resources.dll": {
            "locale": "pt"
          },
          "lib/net461/ru/UiPath.Mail.Activities.Design.resources.dll": {
            "locale": "ru"
          },
          "lib/net461/ru/UiPath.Mail.Activities.resources.dll": {
            "locale": "ru"
          },
          "lib/net461/ru/UiPath.Mail.resources.dll": {
            "locale": "ru"
          },
          "lib/net461/tr/UiPath.Mail.Activities.Design.resources.dll": {
            "locale": "tr"
          },
          "lib/net461/tr/UiPath.Mail.Activities.resources.dll": {
            "locale": "tr"
          },
          "lib/net461/tr/UiPath.Mail.resources.dll": {
            "locale": "tr"
          },
          "lib/net461/zh-CN/UiPath.Mail.Activities.Design.resources.dll": {
            "locale": "zh-CN"
          },
          "lib/net461/zh-CN/UiPath.Mail.Activities.resources.dll": {
            "locale": "zh-CN"
          },
          "lib/net461/zh-CN/UiPath.Mail.resources.dll": {
            "locale": "zh-CN"
          }
        }
      },
      "UiPath.OCR.Contracts/2.6.0": {
        "type": "package",
        "compile": {
          "lib/net461/_._": {}
        },
        "runtime": {
          "lib/net461/UiPath.OCR.Contracts.dll": {}
        }
      },
      "UiPath.Platform/20.4.0": {
        "type": "package",
        "dependencies": {
          "Newtonsoft.Json": "11.0.2",
          "System.IO.Abstractions": "3.0.10",
          "System.ValueTuple": "4.5.0"
        },
        "compile": {
          "lib/net461/_._": {}
        },
        "runtime": {
          "lib/net461/UiPath.Platform.dll": {}
        }
      },
      "UiPath.System.Activities/20.6.1-preview": {
        "type": "package",
        "dependencies": {
          "CsvHelper": "2.13.5",
          "Microsoft.AspNet.SignalR.Client": "2.4.0",
          "Microsoft.Rest.ClientRuntime": "2.3.21",
          "Newtonsoft.Json": "11.0.2",
          "SharpZipLib": "1.2.0"
        },
        "compile": {
          "lib/net461/_._": {}
        },
        "runtime": {
          "lib/net461/ActiproSoftware.Docking.Wpf.dll": {},
          "lib/net461/ActiproSoftware.Ribbon.Wpf.dll": {},
          "lib/net461/ActiproSoftware.Shared.Wpf.dll": {},
          "lib/net461/ActiproSoftware.SyntaxEditor.Addons.DotNet.Wpf.dll": {},
          "lib/net461/ActiproSoftware.SyntaxEditor.Wpf.dll": {},
          "lib/net461/ActiproSoftware.Text.Addons.DotNet.Wpf.dll": {},
          "lib/net461/ActiproSoftware.Text.LLParser.Wpf.dll": {},
          "lib/net461/ActiproSoftware.Text.Wpf.dll": {},
          "lib/net461/ActiproSoftware.Wizard.Wpf.dll": {},
          "lib/net461/CustomInputForm.exe": {},
          "lib/net461/UiPath.OrchestratorClient.dll": {},
          "lib/net461/UiPath.System.Activities.Design.dll": {},
          "lib/net461/UiPath.System.Activities.dll": {}
        },
        "resource": {
          "lib/net461/de/UiPath.System.Activities.Design.resources.dll": {
            "locale": "de"
          },
          "lib/net461/de/UiPath.System.Activities.resources.dll": {
            "locale": "de"
          },
          "lib/net461/es-MX/UiPath.System.Activities.Design.resources.dll": {
            "locale": "es-MX"
          },
          "lib/net461/es-MX/UiPath.System.Activities.resources.dll": {
            "locale": "es-MX"
          },
          "lib/net461/es/UiPath.System.Activities.Design.resources.dll": {
            "locale": "es"
          },
          "lib/net461/es/UiPath.System.Activities.resources.dll": {
            "locale": "es"
          },
          "lib/net461/fr/UiPath.System.Activities.Design.resources.dll": {
            "locale": "fr"
          },
          "lib/net461/fr/UiPath.System.Activities.resources.dll": {
            "locale": "fr"
          },
          "lib/net461/ja/UiPath.System.Activities.Design.resources.dll": {
            "locale": "ja"
          },
          "lib/net461/ja/UiPath.System.Activities.resources.dll": {
            "locale": "ja"
          },
          "lib/net461/ko/UiPath.System.Activities.Design.resources.dll": {
            "locale": "ko"
          },
          "lib/net461/ko/UiPath.System.Activities.resources.dll": {
            "locale": "ko"
          },
          "lib/net461/pt-BR/UiPath.System.Activities.Design.resources.dll": {
            "locale": "pt-BR"
          },
          "lib/net461/pt-BR/UiPath.System.Activities.resources.dll": {
            "locale": "pt-BR"
          },
          "lib/net461/pt/UiPath.System.Activities.Design.resources.dll": {
            "locale": "pt"
          },
          "lib/net461/pt/UiPath.System.Activities.resources.dll": {
            "locale": "pt"
          },
          "lib/net461/ru/UiPath.System.Activities.Design.resources.dll": {
            "locale": "ru"
          },
          "lib/net461/ru/UiPath.System.Activities.resources.dll": {
            "locale": "ru"
          },
          "lib/net461/tr/UiPath.System.Activities.Design.resources.dll": {
            "locale": "tr"
          },
          "lib/net461/tr/UiPath.System.Activities.resources.dll": {
            "locale": "tr"
          },
          "lib/net461/zh-CN/UiPath.System.Activities.Design.resources.dll": {
            "locale": "zh-CN"
          },
          "lib/net461/zh-CN/UiPath.System.Activities.resources.dll": {
            "locale": "zh-CN"
          }
        }
      },
      "UiPath.Telemetry.Client/1.2.20": {
        "type": "package",
        "dependencies": {
          "Newtonsoft.Json": "11.0.1",
          "System.Threading.Tasks.Dataflow": "4.10.0"
        },
        "compile": {
          "lib/net461/_._": {}
        },
        "runtime": {
          "lib/net461/TelemetryClient.dll": {}
        }
      },
      "UiPath.UIAutomation.Activities/20.6.0-preview": {
        "type": "package",
        "dependencies": {
          "AvalonEdit": "5.0.3",
          "Extended.Wpf.Toolkit": "2.8.0",
          "Humanizer.Core": "2.4.2",
          "Newtonsoft.Json": "11.0.2",
          "System.IO.Abstractions": "3.0.10",
          "System.ValueTuple": "4.5.0",
          "UiPath": "[20.6.7473.25550-preview]",
          "UiPath.OCR.Contracts": "2.6.0",
          "UiPath.Platform": "20.4.0",
          "UiPath.Telemetry.Client": "1.2.20",
          "UiPath.Vision": "2.1.0-preview"
        },
        "compile": {
          "lib/net461/_._": {}
        },
        "runtime": {
          "lib/net461/ActiproSoftware.DataGrid.Contrib.Wpf.dll": {},
          "lib/net461/ActiproSoftware.Docking.Wpf.dll": {},
          "lib/net461/ActiproSoftware.Editors.Wpf.dll": {},
          "lib/net461/ActiproSoftware.Ribbon.Wpf.dll": {},
          "lib/net461/ActiproSoftware.Shared.Wpf.dll": {},
          "lib/net461/ActiproSoftware.SyntaxEditor.Addons.DotNet.Wpf.dll": {},
          "lib/net461/ActiproSoftware.SyntaxEditor.Wpf.dll": {},
          "lib/net461/ActiproSoftware.Text.Addons.DotNet.Wpf.dll": {},
          "lib/net461/ActiproSoftware.Text.LLParser.Wpf.dll": {},
          "lib/net461/ActiproSoftware.Text.Wpf.dll": {},
          "lib/net461/ActiproSoftware.Wizard.Wpf.dll": {},
          "lib/net461/UiPath.CV.Activities.Design.dll": {},
          "lib/net461/UiPath.CV.Activities.dll": {},
          "lib/net461/UiPath.CV.dll": {},
          "lib/net461/UiPath.UIAutomation.Activities.Design.dll": {},
          "lib/net461/UiPath.UiAutomation.Activities.dll": {},
          "lib/net461/UiPath.Wizards.dll": {}
        },
        "resource": {
          "lib/net461/de/UiPath.CV.Activities.Design.resources.dll": {
            "locale": "de"
          },
          "lib/net461/de/UiPath.CV.Activities.resources.dll": {
            "locale": "de"
          },
          "lib/net461/de/UiPath.CV.resources.dll": {
            "locale": "de"
          },
          "lib/net461/de/UiPath.UIAutomation.Activities.Design.resources.dll": {
            "locale": "de"
          },
          "lib/net461/de/UiPath.UiAutomation.Activities.resources.dll": {
            "locale": "de"
          },
          "lib/net461/de/UiPath.Wizards.resources.dll": {
            "locale": "de"
          },
          "lib/net461/es-MX/UiPath.CV.Activities.Design.resources.dll": {
            "locale": "es-MX"
          },
          "lib/net461/es-MX/UiPath.CV.Activities.resources.dll": {
            "locale": "es-MX"
          },
          "lib/net461/es-MX/UiPath.CV.resources.dll": {
            "locale": "es-MX"
          },
          "lib/net461/es-MX/UiPath.UIAutomation.Activities.Design.resources.dll": {
            "locale": "es-MX"
          },
          "lib/net461/es-MX/UiPath.UiAutomation.Activities.resources.dll": {
            "locale": "es-MX"
          },
          "lib/net461/es-MX/UiPath.Wizards.resources.dll": {
            "locale": "es-MX"
          },
          "lib/net461/es/UiPath.CV.Activities.Design.resources.dll": {
            "locale": "es"
          },
          "lib/net461/es/UiPath.CV.Activities.resources.dll": {
            "locale": "es"
          },
          "lib/net461/es/UiPath.CV.resources.dll": {
            "locale": "es"
          },
          "lib/net461/es/UiPath.UIAutomation.Activities.Design.resources.dll": {
            "locale": "es"
          },
          "lib/net461/es/UiPath.UiAutomation.Activities.resources.dll": {
            "locale": "es"
          },
          "lib/net461/es/UiPath.Wizards.resources.dll": {
            "locale": "es"
          },
          "lib/net461/fr/UiPath.CV.Activities.Design.resources.dll": {
            "locale": "fr"
          },
          "lib/net461/fr/UiPath.CV.Activities.resources.dll": {
            "locale": "fr"
          },
          "lib/net461/fr/UiPath.CV.resources.dll": {
            "locale": "fr"
          },
          "lib/net461/fr/UiPath.UIAutomation.Activities.Design.resources.dll": {
            "locale": "fr"
          },
          "lib/net461/fr/UiPath.UiAutomation.Activities.resources.dll": {
            "locale": "fr"
          },
          "lib/net461/fr/UiPath.Wizards.resources.dll": {
            "locale": "fr"
          },
          "lib/net461/ja/UiPath.CV.Activities.Design.resources.dll": {
            "locale": "ja"
          },
          "lib/net461/ja/UiPath.CV.Activities.resources.dll": {
            "locale": "ja"
          },
          "lib/net461/ja/UiPath.CV.resources.dll": {
            "locale": "ja"
          },
          "lib/net461/ja/UiPath.UIAutomation.Activities.Design.resources.dll": {
            "locale": "ja"
          },
          "lib/net461/ja/UiPath.UiAutomation.Activities.resources.dll": {
            "locale": "ja"
          },
          "lib/net461/ja/UiPath.Wizards.resources.dll": {
            "locale": "ja"
          },
          "lib/net461/ko/UiPath.CV.Activities.Design.resources.dll": {
            "locale": "ko"
          },
          "lib/net461/ko/UiPath.CV.Activities.resources.dll": {
            "locale": "ko"
          },
          "lib/net461/ko/UiPath.CV.resources.dll": {
            "locale": "ko"
          },
          "lib/net461/ko/UiPath.UIAutomation.Activities.Design.resources.dll": {
            "locale": "ko"
          },
          "lib/net461/ko/UiPath.UiAutomation.Activities.resources.dll": {
            "locale": "ko"
          },
          "lib/net461/ko/UiPath.Wizards.resources.dll": {
            "locale": "ko"
          },
          "lib/net461/pt-BR/UiPath.CV.Activities.Design.resources.dll": {
            "locale": "pt-BR"
          },
          "lib/net461/pt-BR/UiPath.CV.Activities.resources.dll": {
            "locale": "pt-BR"
          },
          "lib/net461/pt-BR/UiPath.CV.resources.dll": {
            "locale": "pt-BR"
          },
          "lib/net461/pt-BR/UiPath.UIAutomation.Activities.Design.resources.dll": {
            "locale": "pt-BR"
          },
          "lib/net461/pt-BR/UiPath.UiAutomation.Activities.resources.dll": {
            "locale": "pt-BR"
          },
          "lib/net461/pt-BR/UiPath.Wizards.resources.dll": {
            "locale": "pt-BR"
          },
          "lib/net461/pt/UiPath.CV.Activities.Design.resources.dll": {
            "locale": "pt"
          },
          "lib/net461/pt/UiPath.CV.Activities.resources.dll": {
            "locale": "pt"
          },
          "lib/net461/pt/UiPath.CV.resources.dll": {
            "locale": "pt"
          },
          "lib/net461/pt/UiPath.UIAutomation.Activities.Design.resources.dll": {
            "locale": "pt"
          },
          "lib/net461/pt/UiPath.UiAutomation.Activities.resources.dll": {
            "locale": "pt"
          },
          "lib/net461/pt/UiPath.Wizards.resources.dll": {
            "locale": "pt"
          },
          "lib/net461/ru/UiPath.CV.Activities.Design.resources.dll": {
            "locale": "ru"
          },
          "lib/net461/ru/UiPath.CV.Activities.resources.dll": {
            "locale": "ru"
          },
          "lib/net461/ru/UiPath.CV.resources.dll": {
            "locale": "ru"
          },
          "lib/net461/ru/UiPath.UIAutomation.Activities.Design.resources.dll": {
            "locale": "ru"
          },
          "lib/net461/ru/UiPath.UiAutomation.Activities.resources.dll": {
            "locale": "ru"
          },
          "lib/net461/ru/UiPath.Wizards.resources.dll": {
            "locale": "ru"
          },
          "lib/net461/tr/UiPath.CV.Activities.Design.resources.dll": {
            "locale": "tr"
          },
          "lib/net461/tr/UiPath.CV.Activities.resources.dll": {
            "locale": "tr"
          },
          "lib/net461/tr/UiPath.CV.resources.dll": {
            "locale": "tr"
          },
          "lib/net461/tr/UiPath.UIAutomation.Activities.Design.resources.dll": {
            "locale": "tr"
          },
          "lib/net461/tr/UiPath.UiAutomation.Activities.resources.dll": {
            "locale": "tr"
          },
          "lib/net461/tr/UiPath.Wizards.resources.dll": {
            "locale": "tr"
          },
          "lib/net461/zh-CN/UiPath.CV.Activities.Design.resources.dll": {
            "locale": "zh-CN"
          },
          "lib/net461/zh-CN/UiPath.CV.Activities.resources.dll": {
            "locale": "zh-CN"
          },
          "lib/net461/zh-CN/UiPath.CV.resources.dll": {
            "locale": "zh-CN"
          },
          "lib/net461/zh-CN/UiPath.UIAutomation.Activities.Design.resources.dll": {
            "locale": "zh-CN"
          },
          "lib/net461/zh-CN/UiPath.UiAutomation.Activities.resources.dll": {
            "locale": "zh-CN"
          },
          "lib/net461/zh-CN/UiPath.Wizards.resources.dll": {
            "locale": "zh-CN"
          }
        }
      },
      "UiPath.Vision/2.1.0-preview": {
        "type": "package",
        "dependencies": {
          "UiPath.OCR.Contracts": "2.6.0"
        },
        "compile": {
          "lib/net461/_._": {}
        },
        "runtime": {
          "lib/net461/UiPath.Vision.Core.dll": {},
          "lib/net461/UiPath.Vision.dll": {}
        }
      }
    }
  },
  "libraries": {
    "AForge/2.2.5": {
      "sha512": "clkumhM9DggqIzEXAHgVLeWO4arG5YfoPr7J4jfjJx35AoeEIJSSm49J25bwp/9mXQYLwi7y1Wunc8qgYJsGxg==",
      "type": "package",
      "path": "aforge/2.2.5",
      "files": [
        ".nupkg.metadata",
        "aforge.2.2.5.nupkg.sha512",
        "aforge.nuspec",
        "lib/AForge.dll",
        "lib/AForge.xml"
      ]
    },
    "AForge.Imaging/2.2.5": {
      "sha512": "n8l7Zdsm89EFW9Uz4uCO3D428Gu4Q56YxixSMJPruen1c30R8R9Mm8AreTdoOi2XjN5id04JwFFlXYTk8pIIfw==",
      "type": "package",
      "path": "aforge.imaging/2.2.5",
      "files": [
        ".nupkg.metadata",
        "aforge.imaging.2.2.5.nupkg.sha512",
        "aforge.imaging.nuspec",
        "lib/AForge.Imaging.dll",
        "lib/AForge.Imaging.xml"
      ]
    },
    "AForge.Math/2.2.5": {
      "sha512": "pmT1WobVv13vMxwXhCu8sRunxjiUHyURWS0+dsW/aBPi06xiyYIdCLHI6jph9Axb4QoLIlb85eBI6zd2EAbGIg==",
      "type": "package",
      "path": "aforge.math/2.2.5",
      "files": [
        ".nupkg.metadata",
        "aforge.math.2.2.5.nupkg.sha512",
        "aforge.math.nuspec",
        "lib/AForge.Math.dll",
        "lib/AForge.Math.xml"
      ]
    },
    "AvalonEdit/5.0.3": {
      "sha512": "L5CgXRniZRxI/tjoBztVgZnvTL1F/qKrRJa+Q88I0Gl78WRNaqdMkuOlkAsOHTauBGZSQNDO0/X+xIpzfzmLdQ==",
      "type": "package",
      "path": "avalonedit/5.0.3",
      "files": [
        ".nupkg.metadata",
        ".signature.p7s",
        "avalonedit.5.0.3.nupkg.sha512",
        "avalonedit.nuspec",
        "lib/Net35/ICSharpCode.AvalonEdit.dll",
        "lib/Net35/ICSharpCode.AvalonEdit.xml",
        "lib/Net40/ICSharpCode.AvalonEdit.dll",
        "lib/Net40/ICSharpCode.AvalonEdit.xml"
      ]
    },
    "BouncyCastle/1.8.5": {
      "sha512": "196QWfvglefGd/Cr2C4hIdmA9HYkLFZovxJ7L0BAOFlNn+qlmVxqpxpcKGoC5AF4rOuoUq3ylzLgKZW5j4nmDQ==",
      "type": "package",
      "path": "bouncycastle/1.8.5",
      "files": [
        ".nupkg.metadata",
        ".signature.p7s",
        "README.md",
        "bouncycastle.1.8.5.nupkg.sha512",
        "bouncycastle.nuspec",
        "lib/BouncyCastle.Crypto.dll"
      ]
    },
    "ClosedXML/0.87.1": {
      "sha512": "2LC0T8bu2G2kt34C4Ig87uZfrRO4MwMVI54e2To7m3DvwAs2Z2Ir86WQuUoW8Txo1uNGSfmu3DpfpQhSX0bIww==",
      "type": "package",
      "path": "closedxml/0.87.1",
      "files": [
        ".nupkg.metadata",
        ".signature.p7s",
        "closedxml.0.87.1.nupkg.sha512",
        "closedxml.nuspec",
        "lib/net35/ClosedXML.dll",
        "lib/net35/ClosedXML.pdb",
        "lib/net35/ClosedXML.xml",
        "lib/net40/ClosedXML.dll",
        "lib/net40/ClosedXML.pdb",
        "lib/net40/ClosedXML.xml"
      ]
    },
    "CsvHelper/2.13.5": {
      "sha512": "fC8DPi/YTcZ8uXFiAeuT9EpsR2TE5cSJ2jg/4tht/Oen6az/djebpYoCQEtI33RfNrSZ533SedOknlWtUTX3fw==",
      "type": "package",
      "path": "csvhelper/2.13.5",
      "files": [
        ".nupkg.metadata",
        ".signature.p7s",
        "csvhelper.2.13.5.nupkg.sha512",
        "csvhelper.nuspec",
        "lib/net20/CsvHelper.dll",
        "lib/net20/CsvHelper.pdb",
        "lib/net20/CsvHelper.xml",
        "lib/net35-client/CsvHelper.dll",
        "lib/net35-client/CsvHelper.pdb",
        "lib/net35-client/CsvHelper.xml",
        "lib/net40-client/CsvHelper.dll",
        "lib/net40-client/CsvHelper.pdb",
        "lib/net40-client/CsvHelper.xml",
        "lib/portable-net40+sl5+win8+wpa+wp8/CsvHelper.dll",
        "lib/portable-net40+sl5+win8+wpa+wp8/CsvHelper.pdb",
        "lib/portable-net40+sl5+win8+wpa+wp8/CsvHelper.xml"
      ]
    },
    "DocumentFormat.OpenXml/2.5.0": {
      "sha512": "H5jnox0hcLwzAjrpNqDPIItjh7dplF1kk1z8LatpI2h75wBgps1MepEttJFKs7xedQReCMHA0tGpNI0H2B+Mrg==",
      "type": "package",
      "path": "documentformat.openxml/2.5.0",
      "files": [
        ".nupkg.metadata",
        ".signature.p7s",
        "documentformat.openxml.2.5.0.nupkg.sha512",
        "documentformat.openxml.nuspec",
        "lib/DocumentFormat.OpenXml.dll"
      ]
    },
    "ExcelActivities/1.0.0": {
      "sha512": "jLtDoP2yBQyB2o24MlX+4I5IgQwBRNXHE0gcPq24dpEM/O6KnRkDNPA5gGqJB9/cug7WyCmng0XkB7+c2/eDEw==",
      "type": "package",
      "path": "excelactivities/1.0.0",
      "files": [
        ".nupkg.metadata",
        "excelactivities.1.0.0.nupkg.sha512",
        "excelactivities.nuspec",
        "lib/ExcelActivities.dll",
        "lib/UiPath.Excel.Activities.Design.dll",
        "lib/UiPath.Excel.Activities.dll",
        "lib/UiPath.Excel.dll",
        "lib/Utility.dll",
        "lib/itextsharp.dll"
      ]
    },
    "Extended.Wpf.Toolkit/2.8.0": {
      "sha512": "wKjJl4sDyXTVzgiKTBTw8jT0/3OwpEklQuWGe1Nz2HX0joiBeUzIurY2mnERni+8XHwateRcuks6yk/cuR22fA==",
      "type": "package",
      "path": "extended.wpf.toolkit/2.8.0",
      "hasTools": true,
      "files": [
        ".nupkg.metadata",
        ".signature.p7s",
        "extended.wpf.toolkit.2.8.0.nupkg.sha512",
        "extended.wpf.toolkit.nuspec",
        "lib/net35/WPFToolkit.dll",
        "lib/net35/Xceed.Wpf.Toolkit.dll",
        "lib/net40/Xceed.Wpf.AvalonDock.Themes.Aero.dll",
        "lib/net40/Xceed.Wpf.AvalonDock.Themes.Metro.dll",
        "lib/net40/Xceed.Wpf.AvalonDock.Themes.VS2010.dll",
        "lib/net40/Xceed.Wpf.AvalonDock.dll",
        "lib/net40/Xceed.Wpf.DataGrid.dll",
        "lib/net40/Xceed.Wpf.Toolkit.dll",
        "lib/net40/de/Xceed.Wpf.AvalonDock.resources.dll",
        "lib/net40/es/Xceed.Wpf.AvalonDock.resources.dll",
        "lib/net40/fr/Xceed.Wpf.AvalonDock.resources.dll",
        "lib/net40/hu/Xceed.Wpf.AvalonDock.resources.dll",
        "lib/net40/it/Xceed.Wpf.AvalonDock.resources.dll",
        "lib/net40/pt-BR/Xceed.Wpf.AvalonDock.resources.dll",
        "lib/net40/ro/Xceed.Wpf.AvalonDock.resources.dll",
        "lib/net40/ru/Xceed.Wpf.AvalonDock.resources.dll",
        "lib/net40/sv/Xceed.Wpf.AvalonDock.resources.dll",
        "lib/net40/zh-Hans/Xceed.Wpf.AvalonDock.resources.dll",
        "tools/install.ps1"
      ]
    },
    "Humanizer.Core/2.4.2": {
      "sha512": "1ZKy7LHVYuhmM398hpvyWCcc2Fcx+hqiGYASELDthjWhVrsA6IabYnHRfkQFF6nGG6x4fA1D0StDX/U2Pj+FdQ==",
      "type": "package",
      "path": "humanizer.core/2.4.2",
      "files": [
        ".nupkg.metadata",
        ".signature.p7s",
        "humanizer.core.2.4.2.nupkg.sha512",
        "humanizer.core.nuspec",
        "lib/netstandard1.0/Humanizer.dll",
        "lib/netstandard1.0/Humanizer.xml",
        "lib/netstandard2.0/Humanizer.dll",
        "lib/netstandard2.0/Humanizer.xml"
      ]
    },
    "interop.domino.dll/1.0.0": {
      "sha512": "gKTX8fwrysbgSWSrJUpMpdp/qmRwYT8JTnbpFzTN72WnX3M1vxkHzpxH3oGMSqpHf20n9AZ0TzDJkt2itp6hyQ==",
      "type": "package",
      "path": "interop.domino.dll/1.0.0",
      "files": [
        ".nupkg.metadata",
        ".signature.p7s",
        "interop.domino.dll.1.0.0.nupkg.sha512",
        "interop.domino.dll.nuspec",
        "lib/Interop.Domino.dll"
      ]
    },
    "Microsoft.AspNet.SignalR.Client/2.4.0": {
      "sha512": "xGoQq9dEsBU49U1Whl0To2JyRQePmo8ayYS8VNruLlQaX+fQBzYyLJeMlW9r7mlt8Vc9JP+083m9pKrfYpdDbg==",
      "type": "package",
      "path": "microsoft.aspnet.signalr.client/2.4.0",
      "files": [
        ".nupkg.metadata",
        ".signature.p7s",
        "lib/net40/Microsoft.AspNet.SignalR.Client.dll",
        "lib/net40/Microsoft.AspNet.SignalR.Client.pdb",
        "lib/net40/Microsoft.AspNet.SignalR.Client.xml",
        "lib/net45/Microsoft.AspNet.SignalR.Client.dll",
        "lib/net45/Microsoft.AspNet.SignalR.Client.pdb",
        "lib/net45/Microsoft.AspNet.SignalR.Client.xml",
        "lib/netstandard1.3/Microsoft.AspNet.SignalR.Client.dll",
        "lib/netstandard1.3/Microsoft.AspNet.SignalR.Client.pdb",
        "lib/netstandard1.3/Microsoft.AspNet.SignalR.Client.xml",
        "lib/netstandard2.0/Microsoft.AspNet.SignalR.Client.dll",
        "lib/netstandard2.0/Microsoft.AspNet.SignalR.Client.pdb",
        "lib/netstandard2.0/Microsoft.AspNet.SignalR.Client.xml",
        "microsoft.aspnet.signalr.client.2.4.0.nupkg.sha512",
        "microsoft.aspnet.signalr.client.nuspec"
      ]
    },
    "Microsoft.Exchange.WebServices/2.2.0": {
      "sha512": "NlkaTD0uWtg9VbiWq0VDWMBPzHFknH3tmstrxt0acrT09LBGqATTjRpsGOODz6tUdX7/dehBinxsf75U5Uw/+A==",
      "type": "package",
      "path": "microsoft.exchange.webservices/2.2.0",
      "files": [
        ".nupkg.metadata",
        ".signature.p7s",
        "doc/License Terms.rtf",
        "doc/README.htm",
        "doc/Redist.txt",
        "lib/40/Microsoft.Exchange.WebServices.Auth.dll",
        "lib/40/Microsoft.Exchange.WebServices.Auth.pdb",
        "lib/40/Microsoft.Exchange.WebServices.Auth.xml",
        "lib/40/Microsoft.Exchange.WebServices.dll",
        "lib/40/Microsoft.Exchange.WebServices.pdb",
        "lib/40/Microsoft.Exchange.WebServices.xml",
        "microsoft.exchange.webservices.2.2.0.nupkg.sha512",
        "microsoft.exchange.webservices.nuspec"
      ]
    },
    "Microsoft.Identity.Client/4.14.0": {
      "sha512": "Etqux6Zuuv1yEN4UwKbAn6EZv0Rooc+vM4N9z7gxmeT7dyoKlXIRN44DQPzD9LV1CW0KsTVqH+2B42p1NKqPlQ==",
      "type": "package",
      "path": "microsoft.identity.client/4.14.0",
      "files": [
        ".nupkg.metadata",
        ".signature.p7s",
        "lib/monoandroid90/Microsoft.Identity.Client.dll",
        "lib/monoandroid90/Microsoft.Identity.Client.xml",
        "lib/net45/Microsoft.Identity.Client.dll",
        "lib/net45/Microsoft.Identity.Client.xml",
        "lib/netcoreapp2.1/Microsoft.Identity.Client.dll",
        "lib/netcoreapp2.1/Microsoft.Identity.Client.xml",
        "lib/netstandard1.3/Microsoft.Identity.Client.dll",
        "lib/netstandard1.3/Microsoft.Identity.Client.xml",
        "lib/uap10.0/Microsoft.Identity.Client.dll",
        "lib/uap10.0/Microsoft.Identity.Client.pri",
        "lib/uap10.0/Microsoft.Identity.Client.xml",
        "lib/xamarinios10/Microsoft.Identity.Client.dll",
        "lib/xamarinios10/Microsoft.Identity.Client.xml",
        "lib/xamarinmac20/Microsoft.Identity.Client.dll",
        "lib/xamarinmac20/Microsoft.Identity.Client.xml",
        "microsoft.identity.client.4.14.0.nupkg.sha512",
        "microsoft.identity.client.nuspec",
        "ref/MonoAndroid9.0/Microsoft.Identity.Client.dll",
        "ref/MonoAndroid9.0/Microsoft.Identity.Client.xml",
        "ref/Xamarin.iOS10/Microsoft.Identity.Client.dll",
        "ref/Xamarin.iOS10/Microsoft.Identity.Client.xml",
        "ref/net45/Microsoft.Identity.Client.dll",
        "ref/net45/Microsoft.Identity.Client.xml",
        "ref/netcoreapp2.1/Microsoft.Identity.Client.dll",
        "ref/netcoreapp2.1/Microsoft.Identity.Client.xml",
        "ref/netstandard1.3/Microsoft.Identity.Client.dll",
        "ref/netstandard1.3/Microsoft.Identity.Client.xml",
        "ref/uap10.0/Microsoft.Identity.Client.dll",
        "ref/uap10.0/Microsoft.Identity.Client.xml",
        "ref/xamarinmac20/Microsoft.Identity.Client.dll",
        "ref/xamarinmac20/Microsoft.Identity.Client.xml"
      ]
    },
    "Microsoft.Rest.ClientRuntime/2.3.21": {
      "sha512": "KDYlgTyO693V6pi6SGk9eg+dDvKjuOgmkapbHdpnB1SmTPKpvWxVLIMyARJsCFLfB6axyURUJHOfvxBQ0yJKeg==",
      "type": "package",
      "path": "microsoft.rest.clientruntime/2.3.21",
      "files": [
        ".nupkg.metadata",
        ".signature.p7s",
        "lib/net452/Microsoft.Rest.ClientRuntime.dll",
        "lib/net452/Microsoft.Rest.ClientRuntime.runtimeconfig.json",
        "lib/net461/Microsoft.Rest.ClientRuntime.dll",
        "lib/net461/Microsoft.Rest.ClientRuntime.runtimeconfig.json",
        "lib/netstandard1.4/Microsoft.Rest.ClientRuntime.dll",
        "lib/netstandard1.4/Microsoft.Rest.ClientRuntime.runtimeconfig.json",
        "lib/netstandard2.0/Microsoft.Rest.ClientRuntime.dll",
        "lib/netstandard2.0/Microsoft.Rest.ClientRuntime.runtimeconfig.json",
        "microsoft.rest.clientruntime.2.3.21.nupkg.sha512",
        "microsoft.rest.clientruntime.nuspec"
      ]
    },
    "Microsoft.VisualStudio.OLE.Interop/7.10.6071": {
      "sha512": "PuINhJH41DbKfkNU+qcyC4Wlt/z0DgI/ViZv6gjUclylnFbUIpCdqm4fK+PKJDfiarHTKnGWkxjKuOIS1Bqs5Q==",
      "type": "package",
      "path": "microsoft.visualstudio.ole.interop/7.10.6071",
      "files": [
        ".nupkg.metadata",
        ".signature.p7s",
        "lib/Microsoft.VisualStudio.OLE.Interop.dll",
        "lib/Microsoft.VisualStudio.OLE.Interop.xml",
        "microsoft.visualstudio.ole.interop.7.10.6071.nupkg.sha512",
        "microsoft.visualstudio.ole.interop.nuspec"
      ]
    },
    "Newtonsoft.Json/11.0.2": {
      "sha512": "IvJe1pj7JHEsP8B8J8DwlMEx8UInrs/x+9oVY+oCD13jpLu4JbJU2WCIsMRn5C4yW9+DgkaO8uiVE5VHKjpmdQ==",
      "type": "package",
      "path": "newtonsoft.json/11.0.2",
      "files": [
        ".nupkg.metadata",
        ".signature.p7s",
        "LICENSE.md",
        "lib/net20/Newtonsoft.Json.dll",
        "lib/net20/Newtonsoft.Json.xml",
        "lib/net35/Newtonsoft.Json.dll",
        "lib/net35/Newtonsoft.Json.xml",
        "lib/net40/Newtonsoft.Json.dll",
        "lib/net40/Newtonsoft.Json.xml",
        "lib/net45/Newtonsoft.Json.dll",
        "lib/net45/Newtonsoft.Json.xml",
        "lib/netstandard1.0/Newtonsoft.Json.dll",
        "lib/netstandard1.0/Newtonsoft.Json.xml",
        "lib/netstandard1.3/Newtonsoft.Json.dll",
        "lib/netstandard1.3/Newtonsoft.Json.xml",
        "lib/netstandard2.0/Newtonsoft.Json.dll",
        "lib/netstandard2.0/Newtonsoft.Json.xml",
        "lib/portable-net40+sl5+win8+wp8+wpa81/Newtonsoft.Json.dll",
        "lib/portable-net40+sl5+win8+wp8+wpa81/Newtonsoft.Json.xml",
        "lib/portable-net45+win8+wp8+wpa81/Newtonsoft.Json.dll",
        "lib/portable-net45+win8+wp8+wpa81/Newtonsoft.Json.xml",
        "newtonsoft.json.11.0.2.nupkg.sha512",
        "newtonsoft.json.nuspec"
      ]
    },
    "NLog/4.5.11": {
      "sha512": "Yni/XrDfbEhaCSXJsDkmW/n5AunhOxZ7OKKb+0U1I1/d8ZaKt3Jjzf20g/xPiKljmYuZKYqI5iI34g138kK8UQ==",
      "type": "package",
      "path": "nlog/4.5.11",
      "files": [
        ".nupkg.metadata",
        "lib/monoandroid44/NLog.dll",
        "lib/monoandroid44/NLog.xml",
        "lib/net35/NLog.dll",
        "lib/net35/NLog.xml",
        "lib/net40-client/NLog.dll",
        "lib/net40-client/NLog.xml",
        "lib/net45/NLog.dll",
        "lib/net45/NLog.xml",
        "lib/netstandard1.3/NLog.dll",
        "lib/netstandard1.3/NLog.xml",
        "lib/netstandard1.5/NLog.dll",
        "lib/netstandard1.5/NLog.xml",
        "lib/netstandard2.0/NLog.dll",
        "lib/netstandard2.0/NLog.xml",
        "lib/sl4/NLog.dll",
        "lib/sl4/NLog.xml",
        "lib/sl5/NLog.dll",
        "lib/sl5/NLog.xml",
        "lib/wp8/NLog.dll",
        "lib/wp8/NLog.xml",
        "lib/xamarinios10/NLog.dll",
        "lib/xamarinios10/NLog.xml",
        "nlog.4.5.11.nupkg.sha512",
        "nlog.nuspec"
      ]
    },
    "NPOI/2.4.1": {
      "sha512": "85790/CY9z4DCU1KLpcdLSqaqaqmQOenTqXJfcsYK8LIKNAAoTgjT5LYLbORgdwAd63sbaJiCfB1SIn/dAXrJw==",
      "type": "package",
      "path": "npoi/2.4.1",
      "files": [
        ".nupkg.metadata",
        ".signature.p7s",
        "LICENSE",
        "Read Me.txt",
        "lib/NPOI.xml",
        "lib/net40/NPOI.OOXML.dll",
        "lib/net40/NPOI.OpenXml4Net.dll",
        "lib/net40/NPOI.OpenXmlFormats.dll",
        "lib/net40/NPOI.dll",
        "lib/net45/NPOI.OOXML.dll",
        "lib/net45/NPOI.OpenXml4Net.dll",
        "lib/net45/NPOI.OpenXmlFormats.dll",
        "lib/net45/NPOI.dll",
        "lib/netstandard2.0/NPOI.OOXML.deps.json",
        "lib/netstandard2.0/NPOI.OOXML.dll",
        "lib/netstandard2.0/NPOI.OpenXml4Net.deps.json",
        "lib/netstandard2.0/NPOI.OpenXml4Net.dll",
        "lib/netstandard2.0/NPOI.OpenXmlFormats.deps.json",
        "lib/netstandard2.0/NPOI.OpenXmlFormats.dll",
        "lib/netstandard2.0/NPOI.deps.json",
        "lib/netstandard2.0/NPOI.dll",
        "logo/120_120.jpg",
        "logo/240_240.png",
        "logo/32_32.jpg",
        "logo/60_60.jpg",
        "npoi.2.4.1.nupkg.sha512",
        "npoi.nuspec"
      ]
    },
    "SharpZipLib/1.2.0": {
      "sha512": "zvWa/L02JHNatdtjya6Swpudb2YEHaOLHL1eRrqpjm71iGRNUNONO5adUF/9CHbSJbzhELW1UoH4NGy7n7+3bQ==",
      "type": "package",
      "path": "sharpziplib/1.2.0",
      "files": [
        ".nupkg.metadata",
        ".signature.p7s",
        "lib/net45/ICSharpCode.SharpZipLib.dll",
        "lib/net45/ICSharpCode.SharpZipLib.pdb",
        "lib/net45/ICSharpCode.SharpZipLib.xml",
        "lib/netstandard2.0/ICSharpCode.SharpZipLib.dll",
        "lib/netstandard2.0/ICSharpCode.SharpZipLib.pdb",
        "lib/netstandard2.0/ICSharpCode.SharpZipLib.xml",
        "sharpziplib.1.2.0.nupkg.sha512",
        "sharpziplib.nuspec"
      ]
    },
    "System.Collections.Immutable/1.5.0": {
      "sha512": "EXKiDFsChZW0RjrZ4FYHu9aW6+P4MCgEDCklsVseRfhoO0F+dXeMSsMRAlVXIo06kGJ/zv+2w1a2uc2+kxxSaQ==",
      "type": "package",
      "path": "system.collections.immutable/1.5.0",
      "files": [
        ".nupkg.metadata",
        ".signature.p7s",
        "LICENSE.TXT",
        "THIRD-PARTY-NOTICES.TXT",
        "lib/netstandard1.0/System.Collections.Immutable.dll",
        "lib/netstandard1.0/System.Collections.Immutable.xml",
        "lib/netstandard1.3/System.Collections.Immutable.dll",
        "lib/netstandard1.3/System.Collections.Immutable.xml",
        "lib/netstandard2.0/System.Collections.Immutable.dll",
        "lib/netstandard2.0/System.Collections.Immutable.xml",
        "lib/portable-net45+win8+wp8+wpa81/System.Collections.Immutable.dll",
        "lib/portable-net45+win8+wp8+wpa81/System.Collections.Immutable.xml",
        "system.collections.immutable.1.5.0.nupkg.sha512",
        "system.collections.immutable.nuspec",
        "useSharedDesignerContext.txt",
        "version.txt"
      ]
    },
    "System.IO.Abstractions/3.0.10": {
      "sha512": "15N2bCO8DLGzrnDyPwQ0653bTCmyJW4Ajw6yeFkJR74VptVvnGINcU5ibX4isxGkvi+YevK7JyVyjiJh6X91kA==",
      "type": "package",
      "path": "system.io.abstractions/3.0.10",
      "files": [
        ".nupkg.metadata",
        ".signature.p7s",
        "lib/net40/System.IO.Abstractions.dll",
        "lib/net40/System.IO.Abstractions.xml",
        "lib/netstandard1.4/System.IO.Abstractions.dll",
        "lib/netstandard1.4/System.IO.Abstractions.xml",
        "lib/netstandard2.0/System.IO.Abstractions.dll",
        "lib/netstandard2.0/System.IO.Abstractions.xml",
        "system.io.abstractions.3.0.10.nupkg.sha512",
        "system.io.abstractions.nuspec"
      ]
    },
    "System.Threading.Tasks.Dataflow/4.10.0": {
      "sha512": "WPI32A1Tf838Yal/XHWdfKrtY/gQxi3MZG2ERC5ljI6RI1YV7Ype1nxc043pv8A8rDLeXmzs4LxxWfEguJ2Dug==",
      "type": "package",
      "path": "system.threading.tasks.dataflow/4.10.0",
      "files": [
        ".nupkg.metadata",
        ".signature.p7s",
        "LICENSE.TXT",
        "THIRD-PARTY-NOTICES.TXT",
        "lib/netstandard1.0/System.Threading.Tasks.Dataflow.dll",
        "lib/netstandard1.0/System.Threading.Tasks.Dataflow.xml",
        "lib/netstandard1.1/System.Threading.Tasks.Dataflow.dll",
        "lib/netstandard1.1/System.Threading.Tasks.Dataflow.xml",
        "lib/netstandard2.0/System.Threading.Tasks.Dataflow.dll",
        "lib/netstandard2.0/System.Threading.Tasks.Dataflow.xml",
        "lib/portable-net45+win8+wpa81/System.Threading.Tasks.Dataflow.dll",
        "lib/portable-net45+win8+wpa81/System.Threading.Tasks.Dataflow.xml",
        "system.threading.tasks.dataflow.4.10.0.nupkg.sha512",
        "system.threading.tasks.dataflow.nuspec",
        "useSharedDesignerContext.txt",
        "version.txt"
      ]
    },
    "System.ValueTuple/4.5.0": {
      "sha512": "okurQJO6NRE/apDIP23ajJ0hpiNmJ+f0BwOlB/cSqTLQlw5upkf+5+96+iG2Jw40G1fCVCyPz/FhIABUjMR+RQ==",
      "type": "package",
      "path": "system.valuetuple/4.5.0",
      "files": [
        ".nupkg.metadata",
        ".signature.p7s",
        "LICENSE.TXT",
        "THIRD-PARTY-NOTICES.TXT",
        "lib/MonoAndroid10/_._",
        "lib/MonoTouch10/_._",
        "lib/net461/System.ValueTuple.dll",
        "lib/net461/System.ValueTuple.xml",
        "lib/net47/System.ValueTuple.dll",
        "lib/net47/System.ValueTuple.xml",
        "lib/netcoreapp2.0/_._",
        "lib/netstandard1.0/System.ValueTuple.dll",
        "lib/netstandard1.0/System.ValueTuple.xml",
        "lib/netstandard2.0/_._",
        "lib/portable-net40+sl4+win8+wp8/System.ValueTuple.dll",
        "lib/portable-net40+sl4+win8+wp8/System.ValueTuple.xml",
        "lib/uap10.0.16299/_._",
        "lib/xamarinios10/_._",
        "lib/xamarinmac20/_._",
        "lib/xamarintvos10/_._",
        "lib/xamarinwatchos10/_._",
        "ref/MonoAndroid10/_._",
        "ref/MonoTouch10/_._",
        "ref/net461/System.ValueTuple.dll",
        "ref/net47/System.ValueTuple.dll",
        "ref/netcoreapp2.0/_._",
        "ref/netstandard2.0/_._",
        "ref/portable-net40+sl4+win8+wp8/System.ValueTuple.dll",
        "ref/uap10.0.16299/_._",
        "ref/xamarinios10/_._",
        "ref/xamarinmac20/_._",
        "ref/xamarintvos10/_._",
        "ref/xamarinwatchos10/_._",
        "system.valuetuple.4.5.0.nupkg.sha512",
        "system.valuetuple.nuspec",
        "useSharedDesignerContext.txt",
        "version.txt"
      ]
    },
    "UiPath/20.6.7473.25550-preview": {
      "sha512": "7mTPgoH2n4+zPAzxyUIwsQ/XUV6zhhjmKJCaCeEL7Jiqg4mTGxNEHofPTGSNdSlJiRDklp5FPpMMdpvI40o6aA==",
      "type": "package",
      "path": "uipath/20.6.7473.25550-preview",
      "files": [
        ".nupkg.metadata",
        ".signature.p7s",
        "build/UiPath.targets",
        "build/UiPath/BrowserNativeMessagingImpl.dll",
        "build/UiPath/EvtServer.exe",
        "build/UiPath/EvtServer_x64.exe",
        "build/UiPath/FuncServer_x64.exe",
        "build/UiPath/FuncServer_x86.exe",
        "build/UiPath/JavaSupport/UiPathBridge.jar",
        "build/UiPath/JavaSupport/UiPathJBIntruder.jar",
        "build/UiPath/JavaSupport/UiPathJBIntruderV8.jar",
        "build/UiPath/JavaSupport/UiPathJavaServiceProvider.jar",
        "build/UiPath/JavaSupport/UiPathV8.jar",
        "build/UiPath/JavaSupport/attach_x64/6/attach.dll",
        "build/UiPath/JavaSupport/attach_x64/7/attach.dll",
        "build/UiPath/JavaSupport/attach_x86/6/attach.dll",
        "build/UiPath/JavaSupport/attach_x86/7/attach.dll",
        "build/UiPath/JavaSupport/jaccess-1_2.jar",
        "build/UiPath/JavaSupport/jaccess-1_3.jar",
        "build/UiPath/JavaSupport/jaccess-1_4.jar",
        "build/UiPath/JavaSupport/jaccess.jar",
        "build/UiPath/JavaSupport/tools.jar",
        "build/UiPath/JavaSupport/toolsV8.jar",
        "build/UiPath/JavaSupport/xml-apis.jar",
        "build/UiPath/Resources/x32.manifest",
        "build/UiPath/Resources/x64.manifest",
        "build/UiPath/SLBroker.dll",
        "build/UiPath/SLBroker.xap",
        "build/UiPath/SLHook.dll",
        "build/UiPath/TCapture.dll",
        "build/UiPath/TCapture_x64.dll",
        "build/UiPath/UiPath.dll",
        "build/UiPath/UiPathJavaBridgeImplV8.dll",
        "build/UiPath/UiPathJavaBridgeImplV8_x64.dll",
        "build/UiPath/UiPathJavaBridgeV8.dll",
        "build/UiPath/UiPathJavaBridgeV8_x64.dll",
        "build/UiPath/UiPathRemote.exe",
        "build/UiPath/UiPathSLB.dll",
        "build/UiPath/UiPathSLB_x64.dll",
        "build/UiPath/UiPath_x64.dll",
        "build/UiPath/aahook.dll",
        "build/UiPath/aahook_x64.dll",
        "build/UiPath/libcurl_x64.dll",
        "build/UiPath/libcurl_x86.dll",
        "build/UiPath/slinject.exe",
        "lib/UiPath.Interop.dll",
        "uipath.20.6.7473.25550-preview.nupkg.sha512",
        "uipath.nuspec"
      ]
    },
    "UiPath.Abbyy.Activities/1.2.0": {
      "sha512": "0MZCuMW7fCsOAnYYW2lAr3q3x5epGzYQYSUmrzYY/utLFAwGQhBUEH6PJOczt33tF1ROthbhe1pm1Tlqi35kLQ==",
      "type": "package",
      "path": "uipath.abbyy.activities/1.2.0",
      "files": [
        ".nupkg.metadata",
        ".signature.p7s",
        "build/AForge.Imaging.dll",
        "build/AForge.Math.dll",
        "build/AForge.dll",
        "build/AbbyyOnlineSdk.dll",
        "build/NLog.dll",
        "build/Newtonsoft.Json.dll",
        "build/System.Collections.Immutable.dll",
        "build/UiPath.Abbyy.AbbyyCloud.dll",
        "build/UiPath.Abbyy.AbbyyFRE11.dll",
        "build/UiPath.Abbyy.AbbyyFRE12.dll",
        "build/UiPath.Abbyy.AbbyyFRECommon.dll",
        "build/UiPath.Abbyy.Core.dll",
        "build/UiPath.Abbyy.Host32.exe",
        "build/UiPath.Abbyy.Host32.exe.config",
        "build/UiPath.OCR.Contracts.dll",
        "build/nlog.config",
        "lib/net461/FCEngine.VisualComponents.dll",
        "lib/net461/Interop.FCEngine.dll",
        "lib/net461/UiPath.Abbyy.AbbyyCloud.dll",
        "lib/net461/UiPath.Abbyy.AbbyyFRE11.dll",
        "lib/net461/UiPath.Abbyy.AbbyyFRE12.dll",
        "lib/net461/UiPath.Abbyy.AbbyyFRECommon.dll",
        "lib/net461/UiPath.Abbyy.Activities.Design.dll",
        "lib/net461/UiPath.Abbyy.Activities.dll",
        "lib/net461/UiPath.Abbyy.Core.dll",
        "lib/net461/UiPath.Abbyy.Host32.exe",
        "lib/net461/de/UiPath.Abbyy.Activities.Design.resources.dll",
        "lib/net461/de/UiPath.Abbyy.Activities.resources.dll",
        "lib/net461/de/UiPath.Abbyy.Core.resources.dll",
        "lib/net461/es-MX/UiPath.Abbyy.Activities.Design.resources.dll",
        "lib/net461/es-MX/UiPath.Abbyy.Activities.resources.dll",
        "lib/net461/es-MX/UiPath.Abbyy.Core.resources.dll",
        "lib/net461/es/UiPath.Abbyy.Activities.Design.resources.dll",
        "lib/net461/es/UiPath.Abbyy.Activities.resources.dll",
        "lib/net461/es/UiPath.Abbyy.Core.resources.dll",
        "lib/net461/fr/UiPath.Abbyy.Activities.Design.resources.dll",
        "lib/net461/fr/UiPath.Abbyy.Activities.resources.dll",
        "lib/net461/fr/UiPath.Abbyy.Core.resources.dll",
        "lib/net461/ja/UiPath.Abbyy.Activities.Design.resources.dll",
        "lib/net461/ja/UiPath.Abbyy.Activities.resources.dll",
        "lib/net461/ja/UiPath.Abbyy.Core.resources.dll",
        "lib/net461/ko/UiPath.Abbyy.Activities.Design.resources.dll",
        "lib/net461/ko/UiPath.Abbyy.Activities.resources.dll",
        "lib/net461/ko/UiPath.Abbyy.Core.resources.dll",
        "lib/net461/pt-BR/UiPath.Abbyy.Activities.Design.resources.dll",
        "lib/net461/pt-BR/UiPath.Abbyy.Activities.resources.dll",
        "lib/net461/pt-BR/UiPath.Abbyy.Core.resources.dll",
        "lib/net461/pt/UiPath.Abbyy.Activities.Design.resources.dll",
        "lib/net461/pt/UiPath.Abbyy.Activities.resources.dll",
        "lib/net461/pt/UiPath.Abbyy.Core.resources.dll",
        "lib/net461/ru/UiPath.Abbyy.Activities.Design.resources.dll",
        "lib/net461/ru/UiPath.Abbyy.Activities.resources.dll",
        "lib/net461/ru/UiPath.Abbyy.Core.resources.dll",
        "lib/net461/tr/UiPath.Abbyy.Activities.Design.resources.dll",
        "lib/net461/tr/UiPath.Abbyy.Activities.resources.dll",
        "lib/net461/tr/UiPath.Abbyy.Core.resources.dll",
        "lib/net461/zh-CN/UiPath.Abbyy.Activities.Design.resources.dll",
        "lib/net461/zh-CN/UiPath.Abbyy.Activities.resources.dll",
        "lib/net461/zh-CN/UiPath.Abbyy.Core.resources.dll",
        "uipath.abbyy.activities.1.2.0.nupkg.sha512",
        "uipath.abbyy.activities.nuspec"
      ]
    },
    "UiPath.Database.Activities/1.3.7369.25200": {
      "sha512": "kNfeJILfxcjrGUx1T2YCaj1yJwftGSUrFbxGOgHWerLX19Ybim2jl3WBj8k2fFEt1QAd1p3VCp1K/58byCXcqw==",
      "type": "package",
      "path": "uipath.database.activities/1.3.7369.25200",
      "files": [
        ".nupkg.metadata",
        "lib/net452/Microsoft.Data.ConnectionUI.Dialog.dll",
        "lib/net452/UiPath.Database.Activities.Design.dll",
        "lib/net452/UiPath.Database.Activities.dll",
        "lib/net452/UiPath.Database.dll",
        "lib/net452/fr/UiPath.Database.Activities.Design.resources.dll",
        "lib/net452/fr/UiPath.Database.Activities.resources.dll",
        "lib/net452/fr/UiPath.Database.resources.dll",
        "lib/net452/ja/UiPath.Database.Activities.Design.resources.dll",
        "lib/net452/ja/UiPath.Database.Activities.resources.dll",
        "lib/net452/ja/UiPath.Database.resources.dll",
        "lib/net452/ru/UiPath.Database.Activities.Design.resources.dll",
        "lib/net452/ru/UiPath.Database.Activities.resources.dll",
        "lib/net452/ru/UiPath.Database.resources.dll",
        "uipath.database.activities.1.3.7369.25200.nupkg.sha512",
        "uipath.database.activities.nuspec"
      ]
    },
    "UiPath.DocumentProcessing.Contracts/1.6.1": {
      "sha512": "TN2DDziq48goLD/La97WE1i/a1fomXG6lWdBk5RA6A8czueKQC4vuzEdnSr/yk0LHc6u9VFoZiNZlP8YmbnbsA==",
      "type": "package",
      "path": "uipath.documentprocessing.contracts/1.6.1",
      "files": [
        ".nupkg.metadata",
        ".signature.p7s",
        "lib/net461/UiPath.DocumentProcessing.Contracts.dll",
        "uipath.documentprocessing.contracts.1.6.1.nupkg.sha512",
        "uipath.documentprocessing.contracts.nuspec"
      ]
    },
    "UiPath.Excel.Activities/2.9.0-preview": {
      "sha512": "9nt9/Wrc+83PMwPlbfGXAEakPtMYTxJxsugcpz+0VACDsPDvygUmj3QwDxRpC/EkbPGnWF3t8n0rXi6U9LNtjg==",
      "type": "package",
      "path": "uipath.excel.activities/2.9.0-preview",
      "files": [
        ".nupkg.metadata",
        ".signature.p7s",
        "lib/net461/UiPath.Excel.Activities.Design.dll",
        "lib/net461/UiPath.Excel.Activities.dll",
        "lib/net461/UiPath.Excel.dll",
        "lib/net461/de/UiPath.Excel.Activities.Design.resources.dll",
        "lib/net461/de/UiPath.Excel.Activities.resources.dll",
        "lib/net461/de/UiPath.Excel.resources.dll",
        "lib/net461/es-MX/UiPath.Excel.Activities.Design.resources.dll",
        "lib/net461/es-MX/UiPath.Excel.Activities.resources.dll",
        "lib/net461/es-MX/UiPath.Excel.resources.dll",
        "lib/net461/es/UiPath.Excel.Activities.Design.resources.dll",
        "lib/net461/es/UiPath.Excel.Activities.resources.dll",
        "lib/net461/es/UiPath.Excel.resources.dll",
        "lib/net461/fr/UiPath.Excel.Activities.Design.resources.dll",
        "lib/net461/fr/UiPath.Excel.Activities.resources.dll",
        "lib/net461/fr/UiPath.Excel.resources.dll",
        "lib/net461/ja/UiPath.Excel.Activities.Design.resources.dll",
        "lib/net461/ja/UiPath.Excel.Activities.resources.dll",
        "lib/net461/ja/UiPath.Excel.resources.dll",
        "lib/net461/ko/UiPath.Excel.Activities.Design.resources.dll",
        "lib/net461/ko/UiPath.Excel.Activities.resources.dll",
        "lib/net461/ko/UiPath.Excel.resources.dll",
        "lib/net461/pt-BR/UiPath.Excel.Activities.Design.resources.dll",
        "lib/net461/pt-BR/UiPath.Excel.Activities.resources.dll",
        "lib/net461/pt-BR/UiPath.Excel.resources.dll",
        "lib/net461/pt/UiPath.Excel.Activities.Design.resources.dll",
        "lib/net461/pt/UiPath.Excel.Activities.resources.dll",
        "lib/net461/pt/UiPath.Excel.resources.dll",
        "lib/net461/ru/UiPath.Excel.Activities.Design.resources.dll",
        "lib/net461/ru/UiPath.Excel.Activities.resources.dll",
        "lib/net461/ru/UiPath.Excel.resources.dll",
        "lib/net461/tr/UiPath.Excel.Activities.Design.resources.dll",
        "lib/net461/tr/UiPath.Excel.Activities.resources.dll",
        "lib/net461/tr/UiPath.Excel.resources.dll",
        "lib/net461/zh-CN/UiPath.Excel.Activities.Design.resources.dll",
        "lib/net461/zh-CN/UiPath.Excel.Activities.resources.dll",
        "lib/net461/zh-CN/UiPath.Excel.resources.dll",
        "uipath.excel.activities.2.9.0-preview.nupkg.sha512",
        "uipath.excel.activities.nuspec"
      ]
    },
    "UiPath.Mail.Activities/1.9.0-preview": {
      "sha512": "8iZBD5gw7Jk9MOUcB+oj0q+PJmPqRCEzGQfMBvaufWsy+013UQ626CRTg3YeN40FZz5L8VO1UVTr+l/z9nkgCA==",
      "type": "package",
      "path": "uipath.mail.activities/1.9.0-preview",
      "files": [
        ".nupkg.metadata",
        ".signature.p7s",
        "lib/net461/MailKit.dll",
        "lib/net461/MailKit.xml",
        "lib/net461/MimeKit.dll",
        "lib/net461/MimeKit.xml",
        "lib/net461/UiPath.Mail.Activities.Design.dll",
        "lib/net461/UiPath.Mail.Activities.dll",
        "lib/net461/UiPath.Mail.dll",
        "lib/net461/de/UiPath.Mail.Activities.Design.resources.dll",
        "lib/net461/de/UiPath.Mail.Activities.resources.dll",
        "lib/net461/de/UiPath.Mail.resources.dll",
        "lib/net461/es-MX/UiPath.Mail.Activities.Design.resources.dll",
        "lib/net461/es-MX/UiPath.Mail.Activities.resources.dll",
        "lib/net461/es-MX/UiPath.Mail.resources.dll",
        "lib/net461/es/UiPath.Mail.Activities.Design.resources.dll",
        "lib/net461/es/UiPath.Mail.Activities.resources.dll",
        "lib/net461/es/UiPath.Mail.resources.dll",
        "lib/net461/fr/UiPath.Mail.Activities.Design.resources.dll",
        "lib/net461/fr/UiPath.Mail.Activities.resources.dll",
        "lib/net461/fr/UiPath.Mail.resources.dll",
        "lib/net461/ja/UiPath.Mail.Activities.Design.resources.dll",
        "lib/net461/ja/UiPath.Mail.Activities.resources.dll",
        "lib/net461/ja/UiPath.Mail.resources.dll",
        "lib/net461/ko/UiPath.Mail.Activities.Design.resources.dll",
        "lib/net461/ko/UiPath.Mail.Activities.resources.dll",
        "lib/net461/ko/UiPath.Mail.resources.dll",
        "lib/net461/pt-BR/UiPath.Mail.Activities.Design.resources.dll",
        "lib/net461/pt-BR/UiPath.Mail.Activities.resources.dll",
        "lib/net461/pt-BR/UiPath.Mail.resources.dll",
        "lib/net461/pt/UiPath.Mail.Activities.Design.resources.dll",
        "lib/net461/pt/UiPath.Mail.Activities.resources.dll",
        "lib/net461/pt/UiPath.Mail.resources.dll",
        "lib/net461/ru/UiPath.Mail.Activities.Design.resources.dll",
        "lib/net461/ru/UiPath.Mail.Activities.resources.dll",
        "lib/net461/ru/UiPath.Mail.resources.dll",
        "lib/net461/tr/UiPath.Mail.Activities.Design.resources.dll",
        "lib/net461/tr/UiPath.Mail.Activities.resources.dll",
        "lib/net461/tr/UiPath.Mail.resources.dll",
        "lib/net461/zh-CN/UiPath.Mail.Activities.Design.resources.dll",
        "lib/net461/zh-CN/UiPath.Mail.Activities.resources.dll",
        "lib/net461/zh-CN/UiPath.Mail.resources.dll",
        "uipath.mail.activities.1.9.0-preview.nupkg.sha512",
        "uipath.mail.activities.nuspec"
      ]
    },
    "UiPath.OCR.Contracts/2.6.0": {
      "sha512": "0Tv26CBTQin1onkfqBH5+U+7ZEzGIakBr58bf3S+wXKbwQidTLEIR/f/jEGd5gxUxMXsq8k8jzJJo0swb0x0MA==",
      "type": "package",
      "path": "uipath.ocr.contracts/2.6.0",
      "files": [
        ".nupkg.metadata",
        ".signature.p7s",
        "lib/net461/UiPath.OCR.Contracts.dll",
        "uipath.ocr.contracts.2.6.0.nupkg.sha512",
        "uipath.ocr.contracts.nuspec"
      ]
    },
    "UiPath.Platform/20.4.0": {
      "sha512": "eope+VluZfnamlioK8bdWQ88I270B9/slRnRQMBXqxYR842U8hjJI+OMcTley0UaVCEgIzx4TvfY0Aolt14i2A==",
      "type": "package",
      "path": "uipath.platform/20.4.0",
      "files": [
        ".nupkg.metadata",
        ".signature.p7s",
        "lib/net461/UiPath.Platform.dll",
        "uipath.platform.20.4.0.nupkg.sha512",
        "uipath.platform.nuspec"
      ]
    },
    "UiPath.System.Activities/20.6.1-preview": {
      "sha512": "ZNgZV0XSUysAv1xWyT0Ozl+yJsqm1ScYDL8gaL6kdVPT1uve/YNVa83GNgcxkY8wWIbWm4KaiiWRc+Xz9CA16g==",
      "type": "package",
      "path": "uipath.system.activities/20.6.1-preview",
      "files": [
        ".nupkg.metadata",
        ".signature.p7s",
        "lib/net461/ActiproSoftware.Docking.Wpf.dll",
        "lib/net461/ActiproSoftware.Ribbon.Wpf.dll",
        "lib/net461/ActiproSoftware.Shared.Wpf.dll",
        "lib/net461/ActiproSoftware.SyntaxEditor.Addons.DotNet.Wpf.dll",
        "lib/net461/ActiproSoftware.SyntaxEditor.Wpf.dll",
        "lib/net461/ActiproSoftware.Text.Addons.DotNet.Wpf.dll",
        "lib/net461/ActiproSoftware.Text.LLParser.Wpf.dll",
        "lib/net461/ActiproSoftware.Text.Wpf.dll",
        "lib/net461/ActiproSoftware.Wizard.Wpf.dll",
        "lib/net461/CustomInputForm.exe",
        "lib/net461/UiPath.OrchestratorClient.dll",
        "lib/net461/UiPath.System.Activities.Design.dll",
        "lib/net461/UiPath.System.Activities.dll",
        "lib/net461/de/UiPath.System.Activities.Design.resources.dll",
        "lib/net461/de/UiPath.System.Activities.resources.dll",
        "lib/net461/es-MX/UiPath.System.Activities.Design.resources.dll",
        "lib/net461/es-MX/UiPath.System.Activities.resources.dll",
        "lib/net461/es/UiPath.System.Activities.Design.resources.dll",
        "lib/net461/es/UiPath.System.Activities.resources.dll",
        "lib/net461/fr/UiPath.System.Activities.Design.resources.dll",
        "lib/net461/fr/UiPath.System.Activities.resources.dll",
        "lib/net461/ja/UiPath.System.Activities.Design.resources.dll",
        "lib/net461/ja/UiPath.System.Activities.resources.dll",
        "lib/net461/ko/UiPath.System.Activities.Design.resources.dll",
        "lib/net461/ko/UiPath.System.Activities.resources.dll",
        "lib/net461/pt-BR/UiPath.System.Activities.Design.resources.dll",
        "lib/net461/pt-BR/UiPath.System.Activities.resources.dll",
        "lib/net461/pt/UiPath.System.Activities.Design.resources.dll",
        "lib/net461/pt/UiPath.System.Activities.resources.dll",
        "lib/net461/ru/UiPath.System.Activities.Design.resources.dll",
        "lib/net461/ru/UiPath.System.Activities.resources.dll",
        "lib/net461/tr/UiPath.System.Activities.Design.resources.dll",
        "lib/net461/tr/UiPath.System.Activities.resources.dll",
        "lib/net461/zh-CN/UiPath.System.Activities.Design.resources.dll",
        "lib/net461/zh-CN/UiPath.System.Activities.resources.dll",
        "uipath.system.activities.20.6.1-preview.nupkg.sha512",
        "uipath.system.activities.nuspec"
      ]
    },
    "UiPath.Telemetry.Client/1.2.20": {
      "sha512": "iJMqX9dRLpnyfZR4VvdwD6Bn0mUM6n273VFh+pybU/SIZT0JooKOfQlvKMmCW0IoameTIiB3F7vF8Ylpwpyolw==",
      "type": "package",
      "path": "uipath.telemetry.client/1.2.20",
      "files": [
        ".nupkg.metadata",
        ".signature.p7s",
        "lib/net461/TelemetryClient.dll",
        "lib/net461/TelemetryClient.pdb",
        "lib/netstandard2.0/TelemetryClient.dll",
        "lib/netstandard2.0/TelemetryClient.pdb",
        "uipath.telemetry.client.1.2.20.nupkg.sha512",
        "uipath.telemetry.client.nuspec"
      ]
    },
    "UiPath.UIAutomation.Activities/20.6.0-preview": {
      "sha512": "TAen2PWKMZdl5GUq3DKxMBca7uEK8gEwZpSmisqD4voDJjijOby8Irl3xSJyb8PZ59Ob34HHcMnxADEppSp1bg==",
      "type": "package",
      "path": "uipath.uiautomation.activities/20.6.0-preview",
      "files": [
        ".nupkg.metadata",
        ".signature.p7s",
        "build/ActiproSoftware.DataGrid.Contrib.Wpf.dll",
        "build/ActiproSoftware.Docking.Wpf.dll",
        "build/ActiproSoftware.Editors.Wpf.dll",
        "build/ActiproSoftware.Ribbon.Wpf.dll",
        "build/ActiproSoftware.Shared.Wpf.dll",
        "build/ActiproSoftware.SyntaxEditor.Addons.DotNet.Wpf.dll",
        "build/ActiproSoftware.SyntaxEditor.Wpf.dll",
        "build/ActiproSoftware.Text.Addons.DotNet.Wpf.dll",
        "build/ActiproSoftware.Text.LLParser.Wpf.dll",
        "build/ActiproSoftware.Text.Wpf.dll",
        "build/ActiproSoftware.Wizard.Wpf.dll",
        "build/ICSharpCode.AvalonEdit.dll",
        "build/System.ValueTuple.dll",
        "build/UiExplorer.exe",
        "build/UiExplorer.exe.config",
        "build/UiExplorer_x64.exe",
        "build/UiExplorer_x64.exe.config",
        "build/UiPath.Activities.Contracts.dll",
        "build/UiPath.UIAutomation.Activities.Design.dll",
        "build/UiPath.UiAutomation.Activities.dll",
        "build/de/UiExplorer.resources.dll",
        "build/de/UiPath.UIAutomation.Activities.Design.resources.dll",
        "build/de/UiPath.UiAutomation.Activities.resources.dll",
        "build/es-MX/UiExplorer.resources.dll",
        "build/es-MX/UiPath.UIAutomation.Activities.Design.resources.dll",
        "build/es-MX/UiPath.UiAutomation.Activities.resources.dll",
        "build/es/UiExplorer.resources.dll",
        "build/es/UiPath.UIAutomation.Activities.Design.resources.dll",
        "build/es/UiPath.UiAutomation.Activities.resources.dll",
        "build/fr/UiExplorer.resources.dll",
        "build/fr/UiPath.UIAutomation.Activities.Design.resources.dll",
        "build/fr/UiPath.UiAutomation.Activities.resources.dll",
        "build/ja/UiExplorer.resources.dll",
        "build/ja/UiPath.UIAutomation.Activities.Design.resources.dll",
        "build/ja/UiPath.UiAutomation.Activities.resources.dll",
        "build/ko/UiExplorer.resources.dll",
        "build/ko/UiPath.UIAutomation.Activities.Design.resources.dll",
        "build/ko/UiPath.UiAutomation.Activities.resources.dll",
        "build/pt-BR/UiExplorer.resources.dll",
        "build/pt-BR/UiPath.UIAutomation.Activities.Design.resources.dll",
        "build/pt-BR/UiPath.UiAutomation.Activities.resources.dll",
        "build/pt/UiExplorer.resources.dll",
        "build/pt/UiPath.UIAutomation.Activities.Design.resources.dll",
        "build/pt/UiPath.UiAutomation.Activities.resources.dll",
        "build/ru/UiExplorer.resources.dll",
        "build/ru/UiPath.UIAutomation.Activities.Design.resources.dll",
        "build/ru/UiPath.UiAutomation.Activities.resources.dll",
        "build/tr/UiExplorer.resources.dll",
        "build/tr/UiPath.UIAutomation.Activities.Design.resources.dll",
        "build/tr/UiPath.UiAutomation.Activities.resources.dll",
        "build/zh-CN/UiExplorer.resources.dll",
        "build/zh-CN/UiPath.UIAutomation.Activities.Design.resources.dll",
        "build/zh-CN/UiPath.UiAutomation.Activities.resources.dll",
        "lib/net461/ActiproSoftware.DataGrid.Contrib.Wpf.dll",
        "lib/net461/ActiproSoftware.Docking.Wpf.dll",
        "lib/net461/ActiproSoftware.Editors.Wpf.dll",
        "lib/net461/ActiproSoftware.Ribbon.Wpf.dll",
        "lib/net461/ActiproSoftware.Shared.Wpf.dll",
        "lib/net461/ActiproSoftware.SyntaxEditor.Addons.DotNet.Wpf.dll",
        "lib/net461/ActiproSoftware.SyntaxEditor.Wpf.dll",
        "lib/net461/ActiproSoftware.Text.Addons.DotNet.Wpf.dll",
        "lib/net461/ActiproSoftware.Text.LLParser.Wpf.dll",
        "lib/net461/ActiproSoftware.Text.Wpf.dll",
        "lib/net461/ActiproSoftware.Wizard.Wpf.dll",
        "lib/net461/UiPath.CV.Activities.Design.dll",
        "lib/net461/UiPath.CV.Activities.dll",
        "lib/net461/UiPath.CV.dll",
        "lib/net461/UiPath.UIAutomation.Activities.Design.dll",
        "lib/net461/UiPath.UiAutomation.Activities.dll",
        "lib/net461/UiPath.Wizards.dll",
        "lib/net461/de/UiPath.CV.Activities.Design.resources.dll",
        "lib/net461/de/UiPath.CV.Activities.resources.dll",
        "lib/net461/de/UiPath.CV.resources.dll",
        "lib/net461/de/UiPath.UIAutomation.Activities.Design.resources.dll",
        "lib/net461/de/UiPath.UiAutomation.Activities.resources.dll",
        "lib/net461/de/UiPath.Wizards.resources.dll",
        "lib/net461/es-MX/UiPath.CV.Activities.Design.resources.dll",
        "lib/net461/es-MX/UiPath.CV.Activities.resources.dll",
        "lib/net461/es-MX/UiPath.CV.resources.dll",
        "lib/net461/es-MX/UiPath.UIAutomation.Activities.Design.resources.dll",
        "lib/net461/es-MX/UiPath.UiAutomation.Activities.resources.dll",
        "lib/net461/es-MX/UiPath.Wizards.resources.dll",
        "lib/net461/es/UiPath.CV.Activities.Design.resources.dll",
        "lib/net461/es/UiPath.CV.Activities.resources.dll",
        "lib/net461/es/UiPath.CV.resources.dll",
        "lib/net461/es/UiPath.UIAutomation.Activities.Design.resources.dll",
        "lib/net461/es/UiPath.UiAutomation.Activities.resources.dll",
        "lib/net461/es/UiPath.Wizards.resources.dll",
        "lib/net461/fr/UiPath.CV.Activities.Design.resources.dll",
        "lib/net461/fr/UiPath.CV.Activities.resources.dll",
        "lib/net461/fr/UiPath.CV.resources.dll",
        "lib/net461/fr/UiPath.UIAutomation.Activities.Design.resources.dll",
        "lib/net461/fr/UiPath.UiAutomation.Activities.resources.dll",
        "lib/net461/fr/UiPath.Wizards.resources.dll",
        "lib/net461/ja/UiPath.CV.Activities.Design.resources.dll",
        "lib/net461/ja/UiPath.CV.Activities.resources.dll",
        "lib/net461/ja/UiPath.CV.resources.dll",
        "lib/net461/ja/UiPath.UIAutomation.Activities.Design.resources.dll",
        "lib/net461/ja/UiPath.UiAutomation.Activities.resources.dll",
        "lib/net461/ja/UiPath.Wizards.resources.dll",
        "lib/net461/ko/UiPath.CV.Activities.Design.resources.dll",
        "lib/net461/ko/UiPath.CV.Activities.resources.dll",
        "lib/net461/ko/UiPath.CV.resources.dll",
        "lib/net461/ko/UiPath.UIAutomation.Activities.Design.resources.dll",
        "lib/net461/ko/UiPath.UiAutomation.Activities.resources.dll",
        "lib/net461/ko/UiPath.Wizards.resources.dll",
        "lib/net461/pt-BR/UiPath.CV.Activities.Design.resources.dll",
        "lib/net461/pt-BR/UiPath.CV.Activities.resources.dll",
        "lib/net461/pt-BR/UiPath.CV.resources.dll",
        "lib/net461/pt-BR/UiPath.UIAutomation.Activities.Design.resources.dll",
        "lib/net461/pt-BR/UiPath.UiAutomation.Activities.resources.dll",
        "lib/net461/pt-BR/UiPath.Wizards.resources.dll",
        "lib/net461/pt/UiPath.CV.Activities.Design.resources.dll",
        "lib/net461/pt/UiPath.CV.Activities.resources.dll",
        "lib/net461/pt/UiPath.CV.resources.dll",
        "lib/net461/pt/UiPath.UIAutomation.Activities.Design.resources.dll",
        "lib/net461/pt/UiPath.UiAutomation.Activities.resources.dll",
        "lib/net461/pt/UiPath.Wizards.resources.dll",
        "lib/net461/ru/UiPath.CV.Activities.Design.resources.dll",
        "lib/net461/ru/UiPath.CV.Activities.resources.dll",
        "lib/net461/ru/UiPath.CV.resources.dll",
        "lib/net461/ru/UiPath.UIAutomation.Activities.Design.resources.dll",
        "lib/net461/ru/UiPath.UiAutomation.Activities.resources.dll",
        "lib/net461/ru/UiPath.Wizards.resources.dll",
        "lib/net461/tr/UiPath.CV.Activities.Design.resources.dll",
        "lib/net461/tr/UiPath.CV.Activities.resources.dll",
        "lib/net461/tr/UiPath.CV.resources.dll",
        "lib/net461/tr/UiPath.UIAutomation.Activities.Design.resources.dll",
        "lib/net461/tr/UiPath.UiAutomation.Activities.resources.dll",
        "lib/net461/tr/UiPath.Wizards.resources.dll",
        "lib/net461/zh-CN/UiPath.CV.Activities.Design.resources.dll",
        "lib/net461/zh-CN/UiPath.CV.Activities.resources.dll",
        "lib/net461/zh-CN/UiPath.CV.resources.dll",
        "lib/net461/zh-CN/UiPath.UIAutomation.Activities.Design.resources.dll",
        "lib/net461/zh-CN/UiPath.UiAutomation.Activities.resources.dll",
        "lib/net461/zh-CN/UiPath.Wizards.resources.dll",
        "uipath.uiautomation.activities.20.6.0-preview.nupkg.sha512",
        "uipath.uiautomation.activities.nuspec"
      ]
    },
    "UiPath.Vision/2.1.0-preview": {
      "sha512": "qwh3tiJGmNaUKRmH1SXyQSPsYytJlhFaW6rJKzSVB7N45yOsoXyfnGuF3dl9Xw4VRIX8QDbVHPeWrMR3ramXzg==",
      "type": "package",
      "path": "uipath.vision/2.1.0-preview",
      "files": [
        ".nupkg.metadata",
        ".signature.p7s",
        "build/AForge.Imaging.dll",
        "build/AForge.Math.dll",
        "build/AForge.dll",
        "build/BouncyCastle.Crypto.dll",
        "build/Emgu.CV.World.dll",
        "build/Google.Api.CommonProtos.dll",
        "build/Google.Api.Gax.Grpc.dll",
        "build/Google.Api.Gax.dll",
        "build/Google.Apis.Auth.PlatformServices.dll",
        "build/Google.Apis.Auth.dll",
        "build/Google.Apis.Core.dll",
        "build/Google.Apis.PlatformServices.dll",
        "build/Google.Apis.dll",
        "build/Google.Cloud.Vision.V1.dll",
        "build/Google.LongRunning.dll",
        "build/Google.Protobuf.dll",
        "build/Grpc.Auth.dll",
        "build/Grpc.Core.dll",
        "build/Microsoft.Azure.CognitiveServices.Vision.ComputerVision.dll",
        "build/Microsoft.ProjectOxford.Vision.dll",
        "build/Microsoft.Rest.ClientRuntime.Azure.dll",
        "build/Microsoft.Rest.ClientRuntime.dll",
        "build/NLog.dll",
        "build/Newtonsoft.Json.dll",
        "build/System.Collections.Immutable.dll",
        "build/System.Interactive.Async.dll",
        "build/System.ValueTuple.dll",
        "build/UiPath.OCR.Contracts.dll",
        "build/UiPath.Vision.AzureComputerVision.dll",
        "build/UiPath.Vision.Core.dll",
        "build/UiPath.Vision.GoogleCloud.dll",
        "build/UiPath.Vision.Host32.exe",
        "build/UiPath.Vision.Host32.exe.config",
        "build/UiPath.Vision.Microsoft.dll",
        "build/UiPath.Vision.MicrosoftCloud.dll",
        "build/UiPath.Vision.Tesseract.dll",
        "build/UiPath.Vision.dll",
        "build/ZedGraph.dll",
        "build/grpc_csharp_ext.x64.dll",
        "build/grpc_csharp_ext.x86.dll",
        "build/nlog.config",
        "build/tessdata/eng.traineddata",
        "build/x86/concrt140.dll",
        "build/x86/cvextern.dll",
        "build/x86/msvcp140.dll",
        "build/x86/opencv_ffmpeg341.dll",
        "build/x86/tbb.dll",
        "build/x86/vcruntime140.dll",
        "lib/net461/UiPath.Vision.AzureComputerVision.dll",
        "lib/net461/UiPath.Vision.Core.dll",
        "lib/net461/UiPath.Vision.GoogleCloud.dll",
        "lib/net461/UiPath.Vision.Host32.exe",
        "lib/net461/UiPath.Vision.Microsoft.dll",
        "lib/net461/UiPath.Vision.MicrosoftCloud.dll",
        "lib/net461/UiPath.Vision.Tesseract.dll",
        "lib/net461/UiPath.Vision.dll",
        "uipath.vision.2.1.0-preview.nupkg.sha512",
        "uipath.vision.nuspec"
      ]
    }
  },
  "projectFileDependencyGroups": {
    "": [],
    ".NETFramework,Version=v4.6.1": [
      "ExcelActivities >= 1.0.0 <= 1.0.0",
      "UiPath.Abbyy.Activities >= 1.2.0 <= 1.2.0",
      "UiPath.Database.Activities >= 1.3.7369.25200 <= 1.3.7369.25200",
      "UiPath.Excel.Activities >= 2.9.0-preview <= 2.9.0-preview",
      "UiPath.Mail.Activities >= 1.9.0-preview <= 1.9.0-preview",
      "UiPath.System.Activities >= 20.6.1-preview <= 20.6.1-preview",
      "UiPath.UIAutomation.Activities >= 20.6.0-preview <= 20.6.0-preview"
    ]
  },
  "packageFolders": {
    "C:\\Users\\v-pobv\\.nuget\\packages\\": {}
  },
  "project": {
    "restore": {
      "projectUniqueName": "Acc_Exc_Sql_noSpace",
      "projectName": "Acc_Exc_Sql_noSpace",
      "projectPath": "D:\\Tiger Team\\SalesAutomation-master\\.local",
      "packagesPath": "C:\\Users\\v-pobv\\.nuget\\packages\\",
      "outputPath": "D:\\Tiger Team\\SalesAutomation-master\\.local"
    },
    "frameworks": {
      "net461": {
        "dependencies": {
          "ExcelActivities": {
            "include": "Runtime",
            "target": "Package",
            "version": "[1.0.0, 1.0.0]"
          },
          "UiPath.Abbyy.Activities": {
            "include": "Runtime",
            "target": "Package",
            "version": "[1.2.0, 1.2.0]"
          },
          "UiPath.Database.Activities": {
            "include": "Runtime",
            "target": "Package",
            "version": "[1.3.7369.25200, 1.3.7369.25200]"
          },
          "UiPath.Excel.Activities": {
            "include": "Runtime",
            "target": "Package",
            "version": "[2.9.0-preview, 2.9.0-preview]"
          },
          "UiPath.Mail.Activities": {
            "include": "Runtime",
            "target": "Package",
            "version": "[1.9.0-preview, 1.9.0-preview]"
          },
          "UiPath.System.Activities": {
            "include": "Runtime",
            "target": "Package",
            "version": "[20.6.1-preview, 20.6.1-preview]"
          },
          "UiPath.UIAutomation.Activities": {
            "include": "Runtime",
            "target": "Package",
            "version": "[20.6.0-preview, 20.6.0-preview]"
          }
        }
      }
    }
  },
  "logs": [
    {
      "code": "NU3034",
      "level": "Warning",
      "warningLevel": 1,
      "message": "Package 'System.Collections.Immutable 1.5.0' from source 'https://www.myget.org/F/workflow/': This package is signed but not by a trusted signer.",
      "libraryId": "System.Collections.Immutable"
    }
  ]
}